0,ins,ALNS++,bks,WFI,bks,LOG-UFPB,bks,Vavavuma!,bks,HustSmart,bks,Alkaid-X,bks,WouterCo,bks,minpi,mbks
350,RC2_10_3,0.421951788,19796.8,1.011948767,19784.7,2.892138591,20208.9,0.465629588,19810.1,0.003444658,19697.1,-0.128036747,19682,-0.310129046,19665.6,-0.310129046,19665.6
175,RC2_4_8,1.156590825,4756.2,1.00856715,4747,0.847834882,4717.8,0.492638366,4728.5,0.063631649,4703.1,-0.038114516,4697.4,-0.238368258,4693.3,-0.238368258,4693.3
287,RC2_8_10,1.673446919,14665.4,1.238363938,14584.8,2.436817936,14665.8,0.951543433,14564.4,0.642469904,14483.3,0.300273053,14420,-0.234299011,14376.2,-0.234299011,14376.2
227,RC2_6_10,1.506641277,9136.2,1.106334636,9089,0.960189498,9063.4,0.781342435,9075.6,0.48483667,8989.9,0.137919945,9011.5,-0.217503319,8976.1,-0.217503319,8976.1
211,R2_6_4,1.60928087,8056.7,1.500473023,8016.4,2.438938893,8054.4,0.700271703,7986.5,0.451285771,7945,0.75424637,7962.6,-0.203030431,7915.1,-0.203030431,7915.1
231,RC2_6_4,2.679659143,7169.2,1.255181545,7027.7,3.34028647,7073.2,0.491056569,7000.4,0.298068055,6985,0.168804651,6979.6,-0.196040216,6967.5,-0.196040216,6967.5
296,RC2_8_9,0.273076869,15270.4,1.473753228,15436.3,1.269979723,15371.6,0.903590047,15291.8,0.524831802,15266.2,0.015369381,15225.6,-0.161953987,15206.2,-0.161953987,15206.2
162,RC1_4_5,0.684399042,8213.5,1.361176026,8257.9,1.041441401,8226.3,0.885388219,8230.4,0.63979817,8205.1,0.484302021,8195.3,-0.1619199,8154.6,-0.1619199,8154.6
331,R2_10_4,1.467139497,18212.5,2.263633093,18209.7,4.546164634,18606.9,0.673883196,18039.5,1.346917969,17953.4,1.851594918,18205.2,-0.158582871,17870.1,-0.158582871,17870.1
351,RC2_10_4,3.119682618,16287.6,1.672239623,16025.1,5.667005956,16606.3,1.783089403,16045.2,0.657664883,15758.3,0.809605576,15864.1,-0.137067546,15716.2,-0.137067546,15716.2
173,RC2_4_6,0.018112743,5328.4,0.450828249,5343.8,0.049102262,5332,0.136287548,5338.3,-0.052271338,5328.1,-0.041274293,5328.4,-0.113268975,5324.6,-0.113268975,5324.6
356,RC2_10_9,1.623525702,23204,2.469957232,23325.2,1.6581713,23169.3,0.503667932,22951.6,0.767638923,22959.2,0.018293169,22800,-0.110824656,22796.2,-0.110824656,22796.2
251,C2_8_4,1.413320764,10805.1,2.927268024,10894.8,3.581536411,11005.3,1.69051273,10790.9,0.404150558,10697.6,0.308133959,10661.8,-0.087591875,10659.7,-0.087591875,10659.7
140,R1_4_3,0.842051374,7859.9,1.240122381,7888.1,0.824779842,7845.3,1.117315241,7879,0.319935041,7809.8,0.508404008,7832.6,-0.080577039,7790.2,-0.080577039,7790.2
311,C2_10_4,3.01206994,15910.6,4.091329465,15927.8,7.972508321,16563.8,4.023492058,16048.9,0.773826514,15527.4,0.412579578,15484.7,-0.072235464,15463.6,-0.072235464,15463.6
172,RC2_4_5,0.800216209,5434,0.288045384,5398.4,0.648915989,5426.3,0.467790801,5420.1,0.064859786,5394.7,0.025857316,5396.9,-0.065253715,5392.3,-0.065253715,5392.3
153,R2_4_6,1.054899193,5872.5,1.165107178,5861.3,1.135374569,5866.4,0.212664366,5827,0.18185667,5818.3,-0.04065883,5813.5,-0.05692152,5813.5,-0.05692152,5813.5
186,C1_6_9,0.123967133,13706.2,0.146805737,13709.8,0.064623119,13707.6,0.334745366,13707.6,-0.032572741,13695.2,-0.140969784,13664.5,-0.045833928,13664.5,-0.140969784,13664.5
233,RC2_6_6,1.073616876,10940,1.088064742,10932,0.995297752,10929.1,0.28881936,10862.9,0.268113073,10862.6,0.119537365,10830.5,-0.044250273,10830.5,-0.044250273,10830.5
245,C1_8_8,0.192432664,24894.8,0.419413594,24957.7,0.361956207,24948.4,0.291026284,24910.1,0.048296985,24881.4,-0.052695832,24859,-0.043110484,24859.3,-0.052695832,24859
234,RC2_6_7,0.308304789,10327.7,0.545657578,10347.6,1.490183224,10418.2,0.365799716,10325.5,0.119698595,10308.6,-0.02447486,10293.4,-0.038043156,10293.4,-0.038043156,10293.4
228,RC2_6_1,0.217019403,11984.6,0.886743338,12051.5,0.241976509,11999,0.066478936,11979.3,0.227346905,11989.7,-0.036108745,11966.1,-0.037567634,11966.1,-0.037567634,11966.1
145,R1_4_8,0.949495363,7317.2,1.314671211,7348.5,0.99589756,7291.1,0.46622066,7278,0.640914136,7276.6,0.947514122,7293.1,-0.036351591,7247.6,-0.036351591,7247.6
29,R112,0.446093813,950.5,-0.023251112,948.6,-0.024913718,948.6,0.267524913,950.4,0.001765618,948.6,-0.027391553,948.6,-0.030681037,948.6,-0.030681037,948.6
214,R2_6_7,2.431246014,10040.5,2.260359663,9972.9,1.572142604,9953.3,0.296197349,9810.4,0.00031365,9786.6,0.122519286,9791.2,-0.014669623,9786.4,-0.014669623,9786.4
225,RC1_6_8,0.915360776,16051.1,2.70836525,16253.1,1.361888024,16089.7,1.262486165,16131.8,0.930621271,16043.4,1.92491731,16186,-0.012070887,15930.8,-0.012070887,15930.8
337,RC1_10_10,1.976962905,44272.3,4.50989195,45523.4,2.229605996,44653.4,1.036694182,43990.2,1.026989208,44059.6,2.07015435,44429.8,-0.011292868,43635.1,-0.011292868,43635.1
9,C109,0.59779014,827.3,0.000163765,827.3,0.000176647,827.3,0.000205419,827.3,0.000164052,827.3,0.0000831,827.3,0.0000222,827.3,0.0000222,827.3
16,C207,0.602506405,585.8,0.000226357,585.8,0.000211111,585.8,0.000161111,585.8,0.000136169,585.8,0.000120388,585.8,0.0000333,585.8,0.0000333,585.8
2,C102,0.277764503,827.3,0.000248729,827.3,0.000188889,827.3,0.000270494,827.3,0.000112267,827.3,0.0000963,827.3,0.0000444,827.3,0.0000444,827.3
3,C103,0.423377382,826.3,0.000200559,826.3,0.000161111,826.3,0.000357097,826.3,0.000220474,826.3,0.000136872,826.3,0.0000555,826.3,0.0000555,826.3
1,C101,0.136822222,827.3,0.00025,827.3,0.000183333,827.3,0.000283333,827.3,0.0000778,827.3,0.0000461,827.3,0.0000556,827.3,0.0000461,827.3
6,C106,0.646700322,827.3,0.000160832,827.3,0.000161111,827.3,0.000147681,827.3,0.0000908,827.3,0.000061326,827.3,0.0000556,827.3,0.0000556,827.3
7,C107,0.565414441,827.3,0.000180393,827.3,0.000166667,827.3,0.000155556,827.3,0.0000783,827.3,0.0000722,827.3,0.0000556,827.3,0.0000556,827.3
5,C105,0.723847424,827.3,0.000127886,827.3,0.000155556,827.3,0.000144444,827.3,0.0000558,827.3,0.0000589,827.3,0.0000611,827.3,0.0000558,827.3
10,C201,0.589037098,589.1,0.000160864,589.1,0.000266667,589.1,0.000144444,589.1,0.0000736,589.1,0.0000722,589.1,0.0000667,589.1,0.0000667,589.1
8,C108,0.57290783,827.3,0.000174373,827.3,0.000296111,827.3,0.000144444,827.3,0.000210792,827.3,0.0000889,827.3,0.0000778,827.3,0.0000778,827.3
17,C208,0.611977397,585.8,0.000249729,585.8,0.000282982,585.8,0.000161111,585.8,0.000118387,585.8,0.000119389,585.8,0.0000778,585.8,0.0000778,585.8
11,C202,0.617802033,589.1,0.000328512,589.1,0.000238889,589.1,0.000144444,589.1,0.000136163,589.1,0.000131148,589.1,0.0000844,589.1,0.0000844,589.1
15,C206,0.600013965,586,0.000287931,586,0.000346909,586,0.000144444,586,0.000122336,586,0.0000833,586,0.0000935,586,0.0000833,586
59,C1_2_2,0.285238856,2694.3,0.000385235,2694.3,0.000618655,2694.3,0.000474208,2694.3,0.000727023,2694.3,0.000539506,2694.3,0.000108789,2694.3,0.000108789,2694.3
63,C1_2_6,0.42697481,2694.9,0.000855564,2694.9,0.000369865,2694.9,0.000929973,2694.9,0.001916834,2694.9,0.000483031,2694.9,0.000122222,2694.9,0.000122222,2694.9
58,C1_2_1,0.143766869,2698.6,0.000521838,2698.6,0.000488535,2698.6,0.000449921,2698.6,0.00033229,2698.6,0.000461343,2698.6,0.00013066,2698.6,0.00013066,2698.6
123,C1_4_6,0.142382402,7140.1,0.000760965,7140.1,0.001084134,7140.1,0.001206663,7140.1,0.000499285,7140.1,0.001211365,7140.1,0.000133547,7140.1,0.000133547,7140.1
62,C1_2_5,0.283030465,2694.9,0.000387271,2694.9,0.000394798,2694.9,0.000501781,2694.9,0.001172125,2694.9,0.000445548,2694.9,0.000137779,2694.9,0.000137779,2694.9
122,C1_4_5,0.132291599,7138.8,0.000766977,7138.8,0.000946142,7138.8,0.001050439,7138.8,0.000381823,7138.8,0.001382037,7138.8,0.000141667,7138.8,0.000141667,7138.8
118,C1_4_1,0.071096022,7138.8,0.00553826,7138.8,0.001367632,7138.8,0.000925,7138.8,0.000406841,7138.8,0.000908641,7138.8,0.000144444,7138.8,0.000144444,7138.8
12,C203,0.602995477,588.7,0.000334608,588.7,0.000539929,588.7,0.000233738,588.7,0.000181128,588.7,0.00051051,588.7,0.000188899,588.7,0.000181128,588.7
68,C2_2_1,0.573065876,1922.1,0.001233961,1922.1,0.00786203,1922.1,0.000994618,1922.1,0.000810151,1922.1,0.000600428,1922.1,0.000195878,1922.1,0.000195878,1922.1
14,C205,0.605421781,586.4,0.000264378,586.4,0.000233333,586.4,0.000169084,586.4,0.000128608,586.4,0.0000884,586.4,0.000213067,586.4,0.0000884,586.4
65,C1_2_8,0.577257216,2684,0.001198779,2684,0.000508097,2684,0.000681491,2684,0.00026334,2684,0.000690342,2684,0.000230806,2684,0.000230806,2684
119,C1_4_2,0.14224526,7113.3,0.001611509,7113.3,0.00119198,7113.3,0.000962502,7113.3,0.000730823,7113.3,0.00328262,7113.3,0.000269223,7113.3,0.000269223,7113.3
4,C104,0.572653255,822.9,0.000269205,822.9,0.000127778,822.9,0.000240278,822.9,0.000318734,822.9,0.000134629,822.9,0.000330767,822.9,0.000127778,822.9
23,R106,0.280922678,1234.6,0.00268327,1234.6,0.000674392,1234.6,0.009461115,1234.6,0.00174581,1234.6,0.001484095,1234.6,0.000565376,1234.6,0.000565376,1234.6
182,C1_6_5,0.071816516,14066.8,0.014402426,14066.8,0.003226655,14066.8,0.002904236,14066.8,0.000768564,14066.8,0.006723234,14066.8,0.00057213,14066.8,0.00057213,14066.8
238,C1_8_1,0.070908632,25156.9,0.011717774,25156.9,0.004069537,25156.9,0.004969612,25156.9,0.002489412,25156.9,0.007578211,25156.9,0.00057977,25156.9,0.00057977,25156.9
22,R105,0.143959103,1355.3,0.002669889,1355.3,0.000481482,1355.3,0.010888174,1355.3,0.000998071,1355.3,0.000555039,1355.3,0.000599429,1355.3,0.000481482,1355.3
13,C204,0.600931495,588.1,0.000411705,588.1,0.000342429,588.1,0.000267635,588.1,0.008008275,588.1,0.000312215,588.1,0.00068006,588.1,0.000267635,588.1
41,RC101,0.168154991,1619.8,0.005101795,1619.8,0.015616232,1619.8,0.911962772,1634.2,0.364429911,1619.8,0.00091566,1619.8,0.000697551,1619.8,0.000697551,1619.8
28,R111,0.182002907,1048.7,0.002336828,1048.7,0.001357845,1048.7,0.01862514,1048.7,0.001512529,1048.7,0.001465416,1048.7,0.000709206,1048.7,0.000709206,1048.7
302,C1_10_5,0.039258795,42434.8,0.012910507,42434.8,0.004669499,42434.8,0.006037445,42434.8,0.002593903,42434.8,0.010670449,42434.8,0.000744889,42434.8,0.000744889,42434.8
298,C1_10_1,0.036436588,42444.9,0.029847685,42444.8,0.009918085,42444.8,0.004823837,42444.8,0.002726946,42444.8,0.007135145,42444.8,0.000769253,42444.8,0.000769253,42444.8
60,C1_2_3,0.435252882,2675.8,0.008121909,2675.9,0.000709505,2675.8,0.000604066,2675.8,0.000527314,2675.8,0.001901767,2675.8,0.0007712,2675.8,0.000527314,2675.8
44,RC104,0.186259918,1132.3,0.002427988,1132.3,0.001674994,1132.3,0.005155412,1132.3,0.001362589,1132.3,0.000413188,1132.3,0.000771782,1132.3,0.000413188,1132.3
21,R104,0.730389121,976,0.009156571,971.5,0.00585145,971.5,0.001073057,971.5,0.004849348,971.5,0.001171459,971.5,0.000782856,971.5,0.000782856,971.5
48,RC108,0.142165277,1114.2,0.035455872,1114.2,0.004392931,1114.2,0.141997708,1114.2,0.057891602,1114.2,0.000606653,1114.2,0.000809044,1114.2,0.000606653,1114.2
52,RC204,0.143389258,783.5,0.000903733,783.5,0.005136074,783.5,0.002344597,783.5,0.001287123,783.5,0.001943696,783.5,0.000888488,783.5,0.000888488,783.5
37,R208,0.298402512,701,0.00216887,701,0.216487542,702.5,0.000804739,701,0.007326597,701,0.001920875,701,0.000923221,701,0.000804739,701
242,C1_8_5,0.073626594,25138.6,0.01991576,25138.6,0.007918574,25138.6,0.006136869,25138.6,0.002674402,25138.6,0.010685342,25138.6,0.000945614,25138.6,0.000945614,25138.6
42,RC102,0.476896353,1457.4,0.004947855,1457.4,0.00943025,1457.4,0.244599504,1457.4,0.008206024,1457.4,0.000494967,1457.4,0.001072514,1457.4,0.000494967,1457.4
26,R109,0.142521234,1146.9,0.002990532,1146.9,0.000811546,1146.9,0.002912893,1146.9,0.004767599,1146.9,0.000531123,1146.9,0.001099689,1146.9,0.000531123,1146.9
76,C2_2_9,0.454962339,1820,0.00774142,1815,0.002182397,1815,0.005401579,1815,0.003145644,1815,0.001971224,1815,0.001115145,1815,0.001115145,1815
51,RC203,0.190924228,923.8,0.017774425,923.8,1.160130611,934.4,0.001287505,923.7,0.012185395,923.7,0.003468322,923.7,0.00115536,923.7,0.00115536,923.7
55,RC207,0.538805659,966.6,0.028779122,962.9,0.000521026,962.9,0.002967971,962.9,0.005557636,962.9,0.001219547,962.9,0.001157336,962.9,0.000521026,962.9
61,C1_2_4,0.194975171,2625.6,0.011771136,2625.6,0.002486095,2625.6,0.035800412,2625.6,0.002542392,2625.6,0.00305238,2625.6,0.001169723,2625.6,0.001169723,2625.6
54,RC206,1.756709418,1064.3,0.007733745,1051.1,0.00361512,1051.1,0.030638265,1051.1,0.017608012,1051.1,0.001410609,1051.1,0.001211513,1051.1,0.001211513,1051.1
24,R107,0.451669051,1064.6,0.004404295,1064.6,0.000852274,1064.6,0.127796951,1064.6,0.004054829,1064.6,0.00089551,1064.6,0.001213524,1064.6,0.000852274,1064.6
53,RC205,0.282810899,1154,0.002276175,1154,0.32090285,1157.7,0.001507794,1154,0.002252932,1154,0.000837777,1154,0.001247309,1154,0.000837777,1154
178,C1_6_1,0.070623002,14076.6,0.020931818,14076.6,0.003523123,14076.6,0.002313889,14076.6,0.001075283,14076.6,0.006314921,14076.6,0.001282066,14076.6,0.001075283,14076.6
27,R110,0.476754781,1068,0.003500229,1068,0.004698039,1068,0.010537308,1068,0.01149625,1068,0.001080993,1068,0.00129703,1068,0.001080993,1068
49,RC201,0.301338043,1261.8,0.002373226,1261.8,0.048964821,1262.4,0.00402397,1261.8,0.026182808,1261.8,0.002200513,1261.8,0.001326714,1261.8,0.001326714,1261.8
32,R203,0.14413894,870.8,0.013493605,870.8,0.000712011,870.8,0.00852555,870.8,0.012988666,870.8,0.000658115,870.8,0.001342639,870.8,0.000658115,870.8
36,R207,0.162430619,794,0.004510104,794,0.000734061,794,0.028089393,794,0.00802402,794,0.005392961,794,0.001367275,794,0.000734061,794
66,C1_2_9,0.69544953,2639.6,0.002268229,2639.6,0.001826285,2639.6,0.013063606,2639.6,0.001453422,2639.6,0.001227612,2639.6,0.001396988,2639.6,0.001227612,2639.6
67,C2_2_10,0.619667799,1791.2,0.007994732,1791.2,0.002457261,1791.2,0.001775279,1791.2,0.003100443,1791.2,0.005976219,1791.2,0.001399516,1791.2,0.001399516,1791.2
33,R204,0.299866917,731.3,0.00210502,731.3,0.073639964,731.8,0.000957774,731.3,0.008533865,731.3,0.001042304,731.3,0.001399574,731.3,0.000957774,731.3
75,C2_2_8,0.321064719,1813.7,0.008322353,1813.7,0.027714464,1813.7,0.232861043,1817.9,0.011825825,1813.7,0.001822827,1813.7,0.001424288,1813.7,0.001424288,1813.7
25,R108,0.921345633,936.7,0.007575171,932.1,0.0185794,932.1,0.87632031,938.8,0.022979036,932.1,0.000688842,932.1,0.001478186,932.1,0.000688842,932.1
50,RC202,0.240336354,1092.3,0.003910806,1092.3,0.005396174,1092.3,0.020335343,1092.3,0.114009709,1092.3,0.001141134,1092.3,0.001498578,1092.3,0.001141134,1092.3
56,RC208,0.99544532,782.8,0.003256183,776.1,0.453318869,779.6,0.081756002,776.1,0.008441235,776.1,0.007765964,776.1,0.001501911,776.1,0.001501911,776.1
73,C2_2_6,0.211372249,1844.8,0.003042241,1844.8,0.009848065,1844.8,0.001194158,1844.8,0.000789518,1844.8,0.001541606,1844.8,0.00157891,1844.8,0.000789518,1844.8
72,C2_2_5,0.145804476,1869.6,0.00563394,1869.6,0.008510538,1869.6,0.016675179,1869.6,0.001736327,1869.6,0.005347643,1869.6,0.001593677,1869.6,0.001593677,1869.6
20,R103,0.607908125,1208.7,0.003101855,1208.7,0.000627268,1208.7,0.001325122,1208.7,0.002709567,1208.7,0.000317956,1208.7,0.001647166,1208.7,0.000317956,1208.7
40,R211,0.862068307,751.7,0.003158166,746.7,0.681971778,751.7,0.802868537,751.7,0.015132572,746.7,0.194811588,746.7,0.001666993,746.7,0.001666993,746.7
34,R205,0.441175713,949.9,0.002811725,949.8,0.163070753,951.3,0.248010889,951.3,0.004348052,949.8,0.001527777,949.8,0.001675389,949.8,0.001527777,949.8
38,R209,1.056328286,861.6,0.00590972,854.8,0.002388442,854.8,0.000756738,854.8,0.001120041,854.8,0.001000256,854.8,0.001771932,854.8,0.000756738,854.8
19,R102,0.602839726,1466.6,0.000594038,1466.6,0.000191299,1466.6,0.000814207,1466.6,0.000256869,1466.6,0.000120767,1466.6,0.001893741,1466.6,0.000120767,1466.6
30,R201,0.217173776,1143.2,0.016624496,1143.2,0.000683364,1143.2,0.000861734,1143.2,0.034084028,1143.2,0.00074672,1143.2,0.001920496,1143.2,0.000683364,1143.2
45,RC105,0.290679621,1513.7,0.002019172,1513.7,0.00322778,1513.7,0.00579539,1513.7,0.0021032,1513.7,0.000336762,1513.7,0.001927034,1513.7,0.000336762,1513.7
57,C1_2_10,0.237129571,2627.2,0.001992261,2624.7,0.054043028,2626,0.048518584,2624.7,0.025817899,2624.7,0.002484596,2624.7,0.002025453,2624.7,0.001992261,2624.7
303,C1_10_6,0.040455303,42437,0.025245169,42437.1,0.012276122,42437,0.00630605,42437,0.002765959,42437,0.010453348,42437,0.00218072,42437,0.00218072,42437
39,R210,0.230554053,900.9,0.001384138,900.5,0.049855744,900.8,0.834047742,908,0.043477892,900.5,0.006586381,900.5,0.002303841,900.5,0.001384138,900.5
47,RC107,0.343803335,1209.3,0.005185104,1207.8,0.002136789,1207.8,0.031558269,1207.8,0.001979953,1207.8,0.000528931,1207.8,0.002358887,1207.8,0.000528931,1207.8
35,R206,0.687749084,880.6,0.090100962,875.9,0.005475963,875.9,0.000640943,875.9,0.013168375,875.9,0.001954538,875.9,0.002436551,875.9,0.000640943,875.9
70,C2_2_3,0.859121265,1767.7,0.012809937,1763.4,0.992892414,1780.6,0.004951805,1763.4,0.009370224,1763.4,0.017139315,1763.4,0.002514631,1763.4,0.002514631,1763.4
69,C2_2_2,0.582212428,1851.4,0.003970121,1851.4,0.162657579,1851.4,0.003578976,1851.4,0.00095004,1851.4,0.002191869,1851.4,0.00269571,1851.4,0.00095004,1851.4
31,R202,0.282833216,1030.6,0.023141693,1029.6,0.002284399,1029.6,0.001013212,1029.6,0.009032339,1029.6,0.001139669,1029.6,0.002945673,1029.6,0.001013212,1029.6
46,RC106,0.326126191,1372.7,0.066990107,1373.5,0.059987181,1373.5,0.292126588,1373.5,0.013658267,1372.7,0.000810594,1372.7,0.002962895,1372.7,0.000810594,1372.7
43,RC103,0.203092908,1258,0.017297266,1258,0.007808174,1258,0.288926475,1258,0.015081377,1258,0.00169637,1258,0.002973715,1258,0.00169637,1258
183,C1_6_6,0.074708639,14070.9,0.012526255,14070.9,0.002029865,14070.9,0.003091436,14070.9,0.002667534,14070.9,0.007774023,14070.9,0.003230055,14070.9,0.002029865,14070.9
243,C1_8_6,0.076788758,25133.3,0.006033795,25133.3,0.011190078,25133.3,0.006384566,25133.3,0.002921025,25133.3,0.011921806,25133.3,0.003358978,25133.3,0.002921025,25133.3
18,R101,0.600461761,1637.7,0.003968448,1637.7,0.000301124,1637.7,0.000429908,1637.7,0.000444939,1637.7,0.000106347,1637.7,0.003546349,1637.7,0.000106347,1637.7
112,RC2_2_5,0.304422522,2491.4,0.013355693,2491.4,0.140846271,2493.5,0.170266206,2493.5,0.011037367,2491.4,0.015439042,2491.4,0.003792145,2491.4,0.003792145,2491.4
98,RC1_2_1,0.300135444,3521,0.148019388,3521.4,0.030740501,3516.9,0.234634749,3521.4,0.015956494,3516.9,0.002085341,3516.9,0.003808423,3516.9,0.002085341,3516.9
104,RC1_2_7,0.156905099,3177.9,0.07257183,3177.8,0.027607175,3177.8,0.017343912,3177.8,0.032008432,3177.8,0.004437675,3177.8,0.00392563,3177.8,0.00392563,3177.8
125,C1_4_8,0.301129658,7083,0.008380331,7083,0.341093678,7107,0.340609602,7107,0.006526349,7083,0.002384232,7083,0.004892994,7083,0.002384232,7083
94,R2_2_7,0.155345342,2304.7,0.033416783,2304.7,0.082679546,2304.7,0.005151161,2304.7,0.06809136,2304.7,0.006503172,2304.7,0.004979995,2304.7,0.004979995,2304.7
107,RC2_2_10,0.304661716,1992.4,0.085309077,1989.3,0.075836862,1990.2,0.11651623,1990.2,0.096620617,1990.2,0.018939954,1989.2,0.00505669,1989.2,0.00505669,1989.2
84,R1_2_7,0.316320542,3145.8,0.117791937,3144.1,0.532671317,3158.4,0.179137916,3141.9,0.09759707,3144.1,0.046743918,3141.9,0.005124695,3141.9,0.005124695,3141.9
82,R1_2_5,0.175569842,4053.3,0.036379887,4053.3,0.061137022,4055.5,0.071758389,4055.5,0.01505853,4053.2,0.064682694,4055.7,0.005368558,4053.2,0.005368558,4053.2
308,C2_10_1,0.155466487,16841.1,0.324730691,16844,0.936858107,16976.6,0.832839955,16976.6,0.030283309,16841.1,0.019324547,16841.1,0.005470452,16841.1,0.005470452,16841.1
108,RC2_2_1,0.203179272,2799,0.068989482,2799,0.183366252,2802.1,0.133387409,2799,0.014289432,2797.4,0.059688886,2799,0.005542669,2797.4,0.005542669,2797.4
91,R2_2_4,0.903049453,1943.3,0.095507533,1928.5,0.587650081,1939.2,0.071938739,1928.5,0.069805501,1928.5,0.024782188,1928.5,0.005802444,1928.5,0.005802444,1928.5
99,RC1_2_2,0.300397824,3226.5,0.140834533,3221.6,0.063026729,3221.6,0.033658594,3221.6,0.093282874,3221.6,0.009703708,3221.6,0.005872477,3221.6,0.005872477,3221.6
120,C1_4_3,0.288331893,6932.7,0.042406538,6931.7,0.093757371,6932.7,0.771333206,6966.6,0.008301754,6929.9,0.012695242,6929.9,0.00593528,6929.9,0.00593528,6929.9
133,C2_4_6,0.084357613,3860.2,0.010473549,3860.1,0.019191994,3860.1,0.024814375,3860.1,0.002589627,3860.1,0.005469032,3860.1,0.005982325,3860.1,0.002589627,3860.1
64,C1_2_7,0.487526885,2694.9,0.006055556,2694.9,0.000358868,2694.9,0.000563173,2694.9,0.001015926,2694.9,0.000506981,2694.9,0.006248148,2694.9,0.000358868,2694.9
109,RC2_2_2,0.253748931,2482.1,0.018352248,2481.7,0.107664853,2481.6,0.006938836,2481.6,0.028298659,2481.6,0.004141224,2481.6,0.006337038,2481.6,0.004141224,2481.6
88,R2_2_1,0.407905966,3470.2,0.482194292,3478.8,0.006738623,3468,0.017542256,3468,0.191501443,3468,0.008653034,3468,0.006338557,3468,0.006338557,3468
124,C1_4_7,0.216684605,7136.2,0.010596903,7136.2,0.001360001,7136.2,0.001183131,7136.2,0.000492729,7136.2,0.00151679,7136.2,0.006423561,7136.2,0.000492729,7136.2
115,RC2_2_8,0.17058525,2151.2,0.019047739,2151.2,0.02071151,2151.2,0.240608827,2156.3,0.015586268,2151.2,0.027130218,2151.2,0.006442241,2151.2,0.006442241,2151.2
90,R2_2_3,2.453018513,2596.6,0.047758879,2537.5,0.080992231,2537.5,0.002265435,2537.5,0.119873575,2537.5,0.00454031,2537.5,0.006475562,2537.5,0.002265435,2537.5
71,C2_2_4,0.871387289,1706.4,0.219498338,1695,0.71406963,1706.7,0.007025572,1695,0.026601141,1695,0.087404736,1695.9,0.006498922,1695,0.006498922,1695
114,RC2_2_7,1.250772083,2312.8,0.022187959,2287.7,0.023711923,2287.7,0.177126668,2287.7,0.050751909,2287.7,0.054127082,2287.7,0.006564164,2287.7,0.006564164,2287.7
85,R1_2_8,0.570723193,2950.8,0.572699897,2950.9,0.264971604,2945,0.716019299,2958.8,0.249861324,2944.8,0.19892289,2938.4,0.006591956,2938.4,0.006591956,2938.4
87,R2_2_10,1.087549638,2563.8,0.238895983,2553,0.015334833,2549.4,0.124069597,2549.4,0.062573427,2549.4,0.010838311,2549.4,0.00689597,2549.4,0.00689597,2549.4
100,RC1_2_3,0.190123556,3001.8,0.163364048,3001.8,0.505315037,3015.8,0.504550839,3016,0.433691593,3008.4,0.167666308,3001.4,0.006971964,3001.4,0.006971964,3001.4
103,RC1_2_6,0.506898672,3312.3,0.012168088,3300.7,0.22326084,3307.7,0.249316584,3307.7,0.307624498,3310.5,0.167066499,3304.2,0.007152741,3300.7,0.007152741,3300.7
102,RC1_2_5,0.197902663,3326.9,0.0443317,3326.3,0.037980483,3326.3,0.169869926,3327.5,0.086457627,3327.5,0.010304436,3325.6,0.007237855,3325.6,0.007237855,3325.6
116,RC2_2_9,0.331729653,2086.6,0.029827478,2086.6,0.279392231,2091.1,0.22968223,2091.1,0.018229644,2086.6,0.148584168,2086.6,0.00743628,2086.6,0.00743628,2086.6
164,RC1_4_7,1.078984589,8013.3,1.539365919,8035.9,0.536743734,7948.5,0.550796681,7964.2,0.553433991,7965.2,0.672842104,7952.9,0.007569575,7932.5,0.007569575,7932.5
128,C2_4_1,0.071256927,4100.3,0.039250753,4100.3,0.020072859,4100.3,0.007042443,4100.3,0.012539076,4100.3,0.001713765,4100.3,0.007659306,4100.3,0.001713765,4100.3
79,R1_2_2,0.41645994,3921.6,0.165562714,3921.6,0.446686444,3937.1,0.671272943,3937.1,0.022059529,3919.9,0.018919602,3919.9,0.007766137,3919.9,0.007766137,3919.9
95,R2_2_8,0.204397523,1842.4,0.04305857,1842.4,0.241889095,1844.7,0.039662062,1842.4,0.02808511,1842.4,0.024442478,1842.4,0.007945712,1842.4,0.007945712,1842.4
93,R2_2_6,0.726577393,2689.2,0.090774967,2675.4,0.08946955,2675.5,0.005962892,2675.4,0.116665672,2675.5,0.025347852,2675.4,0.008066036,2675.4,0.005962892,2675.4
129,C2_4_2,0.145100282,3914.1,0.022485023,3914.1,0.330021805,3914.1,0.113467628,3914.1,0.007812292,3914.1,0.003477579,3914.1,0.008454368,3914.1,0.003477579,3914.1
89,R2_2_2,0.536087677,3018.2,0.146903787,3010.9,0.015939206,3008.2,0.002387794,3008.2,0.135460418,3008.2,0.005275292,3008.2,0.008463761,3008.2,0.002387794,3008.2
113,RC2_2_6,0.338940016,2496.4,0.060509375,2496.4,0.124716407,2497.6,0.00195694,2495.1,0.034938348,2495.1,0.063002371,2496.4,0.009130968,2495.1,0.00195694,2495.1
101,RC1_2_4,0.803623498,2863.3,0.180614508,2845.2,0.841846038,2868.4,0.520199937,2858,0.502975211,2856.7,0.300005362,2845.8,0.009205303,2845.2,0.009205303,2845.2
96,R2_2_9,0.348013032,2846.3,0.13226597,2845.3,0.040266337,2844,0.038127771,2844,0.094894369,2844,0.033395188,2844,0.009408074,2843.3,0.009408074,2843.3
117,C1_4_10,0.197117881,6826.8,0.076104698,6826.8,0.207714058,6837.1,0.495781422,6854.1,0.029767149,6826.5,0.013237764,6825.4,0.009817999,6825.4,0.009817999,6825.4
134,C2_4_7,0.161671079,3870.9,0.017974551,3870.9,0.058027907,3870.9,0.365942668,3870.9,0.016771028,3870.9,0.012633555,3870.9,0.010141869,3870.9,0.010141869,3870.9
78,R1_2_1,0.144553272,4667.2,0.036300858,4667.2,0.014439843,4667.2,0.143570141,4670.6,0.003660896,4667.2,0.009304482,4667.4,0.010662157,4667.2,0.003660896,4667.2
86,R1_2_9,0.22362371,3734.7,0.047006989,3734.7,0.146733203,3738.4,0.083442505,3734.7,0.055797671,3734.7,0.051517751,3736,0.011264789,3734.7,0.011264789,3734.7
132,C2_4_5,0.188638871,3927.5,0.08506274,3923.2,0.077148678,3923.2,0.021010846,3923.2,0.009708835,3923.2,0.005293212,3923.2,0.011385916,3923.2,0.005293212,3923.2
127,C2_4_10,0.275242567,3669.8,0.253819613,3669.6,0.680259544,3669.6,0.332995265,3669.6,0.10569128,3665.1,0.028655856,3665.1,0.011753345,3665.1,0.011753345,3665.1
130,C2_4_3,1.288528022,3792.4,0.05882452,3755.6,0.622948931,3766.4,0.563954361,3770.7,0.05668737,3755.9,0.028543799,3755.9,0.01196778,3755.2,0.01196778,3755.2
161,RC1_4_4,1.063926235,7361.5,1.147140547,7359.6,0.427256031,7308.6,0.222744915,7307.9,0.175985768,7305.6,0.8427925,7333.4,0.012336145,7293.7,0.012336145,7293.7
160,RC1_4_3,0.920840788,7580,1.530541002,7614.2,0.963937349,7562.6,1.126419131,7596.6,0.724012021,7563.1,0.632496637,7545.7,0.012932239,7516.9,0.012932239,7516.9
184,C1_6_7,0.072575123,14066.8,0.051278686,14066.8,0.009746467,14066.8,0.003249432,14066.8,0.001596778,14066.8,0.011194661,14066.8,0.013185323,14066.8,0.001596778,14066.8
353,RC2_10_6,0.897182892,26054.9,2.558827416,26283.6,2.185830439,26357.5,0.714133392,26018.4,0.457813113,25922,0.198964297,25878.7,0.014321794,25823,0.014321794,25823
83,R1_2_6,0.222442552,3559.2,0.147920779,3560.4,0.208776911,3565.7,0.763440931,3585,0.144067573,3562.8,0.113961082,3560,0.014480154,3559.1,0.014480154,3559.1
192,C2_6_5,0.918005973,7616.1,0.512747567,7553.8,1.151667027,7610.3,0.239790792,7553.8,0.020243585,7553.8,0.055558586,7553.8,0.015462734,7553.8,0.015462734,7553.8
309,C2_10_2,0.072262262,16462.6,0.219728716,16464.1,0.892259021,16475.7,0.61280695,16462.6,0.078234973,16464.4,0.036231162,16464.6,0.016228118,16462.6,0.016228118,16462.6
169,RC2_4_2,0.12201545,5407.5,0.147190391,5407.7,0.232756005,5407.5,0.046052414,5407.5,0.038602684,5407.5,0.018297257,5407.5,0.01731149,5407.5,0.01731149,5407.5
248,C2_8_1,0.092254992,11633.7,0.192185321,11638,0.18975053,11631.9,0.020889907,11631.9,0.030416537,11631.9,0.013932313,11631.9,0.017471424,11632.7,0.013932313,11631.9
81,R1_2_4,1.150772042,3073.7,0.388514213,3056.1,0.363233261,3057.1,0.813368202,3066.1,0.064757399,3048.1,0.325325169,3054.7,0.017512309,3047.6,0.017512309,3047.6
171,RC2_4_4,0.272321625,3604,0.072123758,3597.9,1.030437254,3631.4,0.126387514,3601.6,0.050374448,3597.9,0.059967101,3597.9,0.018829771,3597.9,0.018829771,3597.9
168,RC2_4_1,0.090920811,6147.3,0.233154969,6157,0.222116707,6150.8,0.14947829,6150.8,0.013022751,6147.3,0.053594973,6147.3,0.01928036,6147.3,0.013022751,6147.3
136,C2_4_9,0.701966334,3863.7,0.046351998,3842.1,0.600267102,3843.2,0.299741725,3844,0.012410442,3842.1,0.219766718,3849.8,0.019536384,3842.1,0.012410442,3842.1
226,RC1_6_9,1.612048551,16049.3,2.781650963,16233.8,2.190955821,16092.8,1.66498673,16051,1.185337068,15986.2,1.822303967,15997.4,0.019586737,15810.8,0.019586737,15810.8
185,C1_6_8,0.106744666,13992,0.117392662,13997,0.059706834,13997,0.269586393,13999.8,0.035154146,13992,0.061291166,13997,0.020555676,13992,0.020555676,13992
105,RC1_2_8,0.229048996,3060,0.971137282,3060,0.789818675,3081.3,0.531179533,3071,0.380645523,3071,0.310564519,3060,0.021057807,3060,0.021057807,3060
189,C2_6_2,0.12618718,7471.5,0.14290439,7471.7,0.951540673,7533.5,0.866062138,7532.9,0.015165916,7471.5,0.014515447,7471.5,0.021433498,7471.5,0.014515447,7471.5
188,C2_6_1,0.10395078,7752.2,0.570298324,7791.3,0.140137952,7752.2,0.037027664,7752.2,0.022786647,7752.2,0.007308676,7752.2,0.021707304,7752.2,0.007308676,7752.2
149,R2_4_2,0.59031158,6501.9,0.562990601,6502.1,0.662757677,6498.1,0.081998254,6482.8,0.451032771,6488.4,0.115565469,6488.3,0.022696814,6482.8,0.022696814,6482.8
80,R1_2_3,0.331556696,3379.1,0.258380692,3381.4,0.242445049,3381.7,1.239423085,3396.4,0.082449843,3375.8,0.0964132,3376,0.023313071,3374.2,0.023313071,3374.2
174,RC2_4_7,0.64115419,5016.1,0.761992062,5004.1,0.412718242,4999.5,0.502599367,5012.2,0.020119849,4987.8,0.102241738,4990.9,0.023461943,4987.8,0.020119849,4987.8
195,C2_6_8,0.30880221,7319.5,0.301799855,7319.5,2.055307389,7429.6,0.333733335,7319.5,0.206696588,7315.3,0.049083203,7304.2,0.023551549,7303.7,0.023551549,7303.7
252,C2_8_5,0.222632619,11407.6,0.442061238,11411.2,2.245108723,11395.6,0.135607145,11395.6,0.170920038,11406.9,0.032055586,11395.6,0.023636323,11395.6,0.023636323,11395.6
236,RC2_6_9,0.462012405,9479.2,0.673739952,9489.9,1.344199705,9531.5,0.317346399,9468.7,0.469512132,9472.2,0.299029394,9445.7,0.023969106,9436,0.023969106,9436
135,C2_4_8,0.314812267,3780.5,0.226186083,3780.5,0.355342648,3782.9,0.559074289,3780.5,0.221287954,3780.5,0.12410363,3773.7,0.024075444,3773.8,0.024075444,3773.7
154,R2_4_7,1.38892547,4955.5,1.111580197,4939.6,0.82100376,4902.2,0.214755553,4893.5,0.132752664,4893.5,0.059416439,4893.5,0.024100658,4893.5,0.024100658,4893.5
158,RC1_4_1,0.524958337,8557.4,0.887273619,8559.6,0.768246263,8578.4,0.906514927,8583.3,0.410137541,8551.6,0.104831367,8526.9,0.024312154,8524,0.024312154,8524
131,C2_4_4,2.80028229,3619.5,0.411807907,3526.3,1.890235964,3573.3,1.48441543,3573.3,0.13377288,3525,0.075235239,3524.3,0.024377934,3523.7,0.024377934,3523.7
196,C2_6_9,0.354731971,7321.4,0.364704157,7321.3,1.955646702,7424.6,1.616564957,7321.3,0.191015924,7313.2,0.045827503,7303.2,0.025127237,7303.2,0.025127237,7303.2
220,RC1_6_3,1.090062232,15377,2.801431822,15554.3,1.993714555,15429.1,1.122823649,15371.3,0.85900878,15333.7,3.300385271,15568.9,0.025570616,15216.3,0.025570616,15216.3
152,R2_4_5,1.279432255,6646.6,0.924323795,6597.8,0.899979323,6596.2,0.455092332,6595.7,0.323668985,6581.3,0.629648793,6601.4,0.025752765,6567.9,0.025752765,6567.9
314,C2_10_7,2.428436616,16746.7,2.484415471,16670.6,2.597789163,16663,1.108351764,16381.5,0.229591921,16384.5,0.152129726,16378.6,0.025782783,16378.4,0.025782783,16378.4
148,R2_4_1,1.172749,7596.1,0.974189793,7562.5,0.240746187,7529.6,0.172859594,7529.7,0.343636128,7534,0.210080891,7532.5,0.025958287,7520.7,0.025958287,7520.7
304,C1_10_7,0.041183662,42420.4,0.539882235,42420.4,0.004496502,42420.4,0.009516162,42420.4,0.00312822,42420.4,0.013796085,42420.4,0.026086822,42420.4,0.00312822,42420.4
141,R1_4_4,1.236480564,7348.9,1.969822524,7360.9,0.872676409,7313.9,1.218433164,7342.8,0.56075618,7278.9,0.967224579,7312,0.02651474,7266.2,0.02651474,7266.2
244,C1_8_7,0.074639831,25127.3,0.594561669,25127.3,0.005703184,25127.3,0.006715432,25127.3,0.002473814,25127.3,0.01718445,25127.3,0.028117588,25127.3,0.002473814,25127.3
313,C2_10_6,1.140592175,16439.1,0.735943111,16311.9,2.984326127,16742,0.322901891,16292,0.07231483,16292,0.097449808,16299.2,0.028130713,16290.7,0.028130713,16290.7
137,R1_4_10,0.955087327,8154.5,1.788724673,8198,1.420357539,8189,0.794218507,8138.8,0.573981959,8098.9,0.326798037,8103,0.029600739,8081.9,0.029600739,8081.9
312,C2_10_5,0.392493049,16537.3,0.425328646,16535.5,1.649254703,16679.9,0.363593447,16521.3,0.235148241,16551.1,0.165041275,16521.8,0.032296992,16521.3,0.032296992,16521.3
138,R1_4_1,0.187789475,10313.8,0.403359977,10335,0.201036417,10315.6,0.282805184,10313.8,0.095122472,10313.9,0.099025527,10314,0.032491252,10305.8,0.032491252,10305.8
170,RC2_4_3,0.25109693,4578.5,0.151183573,4576.3,0.835184087,4602.4,0.047842737,4573,0.059980678,4573,0.110233703,4573,0.03285196,4573,0.03285196,4573
255,C2_8_8,1.615294386,11301,1.826539765,11161.3,5.47199032,11700,0.39102957,11150,0.385301896,11166.5,0.10644655,11133.9,0.034266008,11133.9,0.034266008,11133.9
150,R2_4_3,0.66364332,5401.2,1.001635189,5414,0.892015659,5396.4,0.014147125,5372.9,0.294685479,5378.1,0.04973495,5372.9,0.034713834,5372.9,0.014147125,5372.9
197,R1_6_10,0.950161815,17768.6,2.133811894,17920.8,1.994138834,17960.8,1.025577619,17794.1,0.586598081,17679.3,1.268493727,17740.4,0.036157171,17603.2,0.036157171,17603.2
126,C1_4_9,0.775767741,6952,0.504684451,6961.4,0.503977306,6961.3,1.196543001,6961.9,0.449181073,6952,0.391614591,6952,0.036379937,6927.8,0.036379937,6927.8
106,RC1_2_9,0.394853317,3074.8,0.268480796,3080.9,0.26212716,3080.4,0.484895178,3085.9,0.095319649,3074.8,0.04512935,3073.3,0.036888706,3073.6,0.036888706,3073.3
179,C1_6_2,0.077189972,13948.3,0.056446689,13953,0.04127584,13953,0.087851035,13953,0.036576462,13953,0.009974335,13948.3,0.037007833,13953,0.009974335,13948.3
249,C2_8_2,0.094702442,11395.5,0.621331124,11396.5,1.10608088,11395.2,0.094964543,11394.5,0.109235306,11395.4,0.034963235,11396.2,0.03831685,11394.6,0.034963235,11394.5
310,C2_10_3,1.823108186,16316.8,0.575086133,16076.7,5.815593432,16815.7,1.274985932,16050.6,0.094217059,16036.9,0.049662217,16037.1,0.038644885,16036.5,0.038644885,16036.5
144,R1_4_7,0.607292508,7638.1,1.453250798,7693.7,1.448780421,7689.1,0.787303148,7654.2,0.68216958,7631.8,1.223705869,7652,0.038767124,7603.4,0.038767124,7603.4
307,C2_10_10,3.451715785,16250.1,3.708593778,16199,5.96032096,16497.7,2.28182532,15947.6,0.531882607,15762.5,0.294409647,15756.3,0.039875615,15728.6,0.039875615,15728.6
74,C2_2_7,0.289798998,1842.2,0.006870135,1842.2,0.011989005,1842.2,0.002188607,1842.2,0.000414146,1842.2,0.001022958,1842.2,0.040657145,1842.9,0.000414146,1842.2
315,C2_10_8,1.753866102,16282.1,0.983752379,16091.2,6.063352832,16918.2,0.279380715,16048.3,0.136262982,16034.3,0.170355064,16032.9,0.041084472,16029.8,0.041084472,16029.8
256,C2_8_9,1.322841728,11273.6,1.932063272,11243.2,4.230256029,11556.6,0.750585661,11142.8,0.235164883,11145.3,0.055730269,11140.4,0.041228048,11140.4,0.041228048,11140.4
77,R1_2_10,0.425634391,3301.6,0.276864582,3297.7,0.47110377,3307.2,0.341286869,3298.4,0.330904933,3297.7,0.258366975,3298.4,0.041423758,3293.1,0.041423758,3293.1
219,RC1_6_2,0.881337727,16094.2,1.908050707,16200.4,1.46344765,16150.3,1.547169705,16140.1,0.411241008,16001.2,1.944684077,16113.2,0.041626916,15968,0.041626916,15968
121,C1_4_4,0.112453313,6777.7,0.58440615,6812.6,0.274143849,6787.2,0.581148474,6811,0.068701122,6778.1,0.022815185,6777.7,0.042901578,6777.7,0.022815185,6777.7
142,R1_4_5,0.528586466,9229.6,0.820969639,9255.6,0.246752631,9197.2,0.214034489,9203.3,0.266110745,9208.3,0.107784053,9197.2,0.044030752,9190.3,0.044030752,9190.3
250,C2_8_3,1.472315119,11284.6,2.175440583,11176.5,6.314707153,11771.9,1.610255231,11269.6,0.205704696,11141.3,0.079925652,11138.3,0.044185776,11138.1,0.044185776,11138.1
232,RC2_6_5,0.856030932,11156.1,1.341286202,11195.8,0.880815511,11148.5,0.704323962,11139.3,0.296021559,11080.7,0.084380213,11080.7,0.044839226,11080.7,0.044839226,11080.7
316,C2_10_9,3.185451242,16564.5,2.184219427,16300.5,4.842554044,16748.3,1.158039751,16191.3,0.401453573,16099.2,0.1386569,16083.5,0.045298912,16075.6,0.045298912,16075.6
253,C2_8_6,0.189372257,11316.3,0.40767545,11324.3,4.111320551,11730.4,0.439147517,11316.3,0.084668507,11319.1,0.135209285,11319.3,0.046237709,11317.8,0.046237709,11316.3
190,C2_6_3,0.266287921,7226.7,0.637610068,7222.5,3.553656746,7387.3,1.645959403,7296,0.081782705,7215,0.052188343,7215.7,0.04624215,7216.1,0.04624215,7215
335,R2_10_8,2.915054228,18005,1.44167607,17694.6,3.853189451,18065,1.484389332,17688.8,1.50595834,17523.8,2.325389943,17740.8,0.046558217,17463.3,0.046558217,17463.3
193,C2_6_6,0.630614215,7490.4,0.724651981,7492.4,1.037080806,7493.5,0.712806405,7490.4,0.101742308,7455.4,0.027236833,7449.8,0.046936367,7451.8,0.027236833,7449.8
165,RC1_4_8,0.984224455,7833.9,1.254074323,7845,0.91921901,7828,0.962262393,7833.4,0.558460613,7788.2,0.328322807,7783.9,0.048785673,7765.7,0.048785673,7765.7
254,C2_8_7,1.249951989,11454.7,1.448103432,11333.7,4.335057295,11606.8,0.287949504,11339.2,0.243390194,11336.1,0.084637559,11332.9,0.049151169,11334.2,0.049151169,11332.9
295,RC2_8_8,0.61669533,15660.2,1.247567456,15731.5,1.878531042,15795.1,1.04662577,15711.5,0.776771528,15690.9,0.527907214,15665.2,0.049555987,15591.2,0.049555987,15591.2
163,RC1_4_6,0.616171483,8186.5,1.302915821,8248.5,1.171977427,8220,1.057256269,8201.5,0.735615983,8196.5,0.541058571,8182.4,0.052299055,8148,0.052299055,8148
139,R1_4_2,0.3611303,8893.5,1.107971917,8949.5,0.60914547,8904.5,1.240898474,8967.2,0.17202325,8881.4,0.069838769,8875.7,0.05445744,8876,0.05445744,8875.7
336,R2_10_9,2.402614656,32831.9,2.666101485,32886,2.063215078,32691.3,0.238529083,32147.1,0.798653577,32148.6,0.095686444,32060.6,0.05520196,32058,0.05520196,32058
332,R2_10_5,2.090123253,34871.2,3.227391037,35099.6,1.340111923,34527.7,0.251450329,34270.8,0.538118068,34247.9,0.106254967,34208.4,0.055293619,34195.3,0.055293619,34195.3
177,C1_6_10,0.272246634,13659.2,0.280660409,13638.6,0.696346711,13716.7,0.265290292,13656.1,0.094530835,13643.7,0.061018412,13638,0.055737519,13636.6,0.055737519,13636.6
292,RC2_8_5,0.637498346,17579.7,1.205281597,17660.9,1.266697652,17660,1.096181338,17666.9,0.473477643,17543.2,0.092083242,17479.5,0.058829194,17466.1,0.058829194,17466.1
299,C1_10_2,1.885548975,42157.8,1.620441885,41832.7,1.631123444,41886.8,1.652275275,42021.1,0.254081403,41442,0.121761285,41423.9,0.059835173,41386.4,0.059835173,41386.4
290,RC2_8_3,0.551421901,14101.3,0.944292367,14124,2.693858717,14210.9,0.610340294,14123.8,0.246928693,14055.7,0.047525765,14016.2,0.062286435,14035.9,0.047525765,14016.2
167,RC2_4_10,0.934424766,4287.4,1.024664967,4284.3,0.968887961,4272.9,1.522758916,4304.5,0.843797207,4272.9,0.70026996,4276.1,0.064153926,4252.3,0.064153926,4252.3
352,RC2_10_5,1.241987871,26155.9,2.412061267,26333.6,2.161426984,26293.2,0.632457251,26006.1,0.28663444,25894.3,0.024859023,25852.3,0.066964202,25862.2,0.024859023,25852.3
176,RC2_4_9,0.1684205,4513.8,0.670427126,4533.4,0.963770708,4527.9,0.956687398,4534.7,0.500889032,4524.9,0.373891773,4524.3,0.068594944,4511,0.068594944,4511
181,C1_6_4,0.192866527,13584.7,1.533932358,13659.2,0.13702025,13573.8,0.193772901,13592,0.036066796,13573.1,0.05758143,13547.1,0.069180366,13563.3,0.036066796,13547.1
293,RC2_8_6,1.00478311,17396.6,2.037618526,17453,1.274685359,17322.7,0.015572114,17236,0.063176557,17229.2,0.220805629,17249.8,0.069200096,17210.6,0.015572114,17210.6
110,RC2_2_3,0.244323676,2229.3,0.091068379,2229.3,0.281143786,2233.7,0.134566654,2229.1,0.112782699,2229.1,0.082329235,2229.3,0.069721184,2229.1,0.069721184,2229.1
212,R2_6_5,2.384011676,14104.1,3.262200903,14138.6,1.392271605,13973.4,0.408301167,13856.9,0.709690259,13837.6,0.820925484,13869.3,0.074045169,13803.7,0.074045169,13803.7
247,C2_8_10,2.655611462,11214.6,4.154052179,11253.6,5.027834761,11312.6,1.37030546,11079.8,0.289637607,10955.9,0.146964889,10950.2,0.075512639,10946.7,0.075512639,10946.7
156,R2_4_9,1.371561335,6141.5,0.57304947,6076.6,0.425983121,6078.5,0.32556403,6080.5,0.419461639,6080,0.199561659,6067.8,0.077128086,6067.8,0.077128086,6067.8
230,RC2_6_3,0.704816653,8948.9,0.941009514,8938,1.514082456,8988.3,0.205220389,8909,0.204665173,8895.2,0.070357522,8895.2,0.078005514,8896.3,0.070357522,8895.2
146,R1_4_9,0.46465472,8707.4,1.118615637,8765.2,0.995410948,8746.6,0.735617759,8728.1,0.491871603,8716.2,0.681818464,8710.9,0.08191483,8680.7,0.08191483,8680.7
327,R2_10_10,1.828411189,30459.2,3.091217427,30838.6,2.902158971,30644.9,0.504232454,30079,0.489479812,29976.7,0.145967373,29920.7,0.084106935,29882.3,0.084106935,29882.3
157,RC1_4_10,0.525974432,7617,1.639485716,7694.7,0.83957577,7629.9,0.746924149,7630.6,0.545462501,7609.2,0.391076619,7598.8,0.085651064,7589,0.085651064,7589
289,RC2_8_2,0.857498043,16828.2,1.017935296,16852.2,1.780629223,16918.6,0.416298341,16755.3,0.224516648,16717.3,0.10013647,16709.7,0.087198099,16711.1,0.087198099,16709.7
187,C2_6_10,0.352555592,7140.5,0.50875833,7141.5,1.487193546,7166.2,1.087888851,7144.6,0.25421534,7139,0.207514113,7131.5,0.088613234,7128,0.088613234,7128
291,RC2_8_4,2.465810735,11291.1,1.557314394,11176.1,5.011117094,11541.2,1.514019611,11138.5,1.295461925,11069.3,0.817436903,11031.3,0.089114822,10981.2,0.089114822,10981.2
166,RC1_4_9,1.03078463,7794.8,1.301268298,7813.5,0.717396487,7760.6,0.845219425,7781.6,0.635738976,7758.6,0.673826956,7759.1,0.091002887,7723,0.091002887,7723
159,RC1_4_2,0.987715552,7955.9,1.095716653,7960.5,1.117768937,7963.4,1.21879904,7970.7,0.62008382,7924.7,0.568102662,7904.7,0.091138554,7879.4,0.091138554,7879.4
92,R2_2_5,0.267739009,3063.6,0.1199237,3062.7,0.56812214,3076.6,0.093011552,3063.8,0.160892171,3063.8,0.102417501,3063.8,0.097731684,3063.8,0.093011552,3062.7
151,R2_4_4,1.229753261,4256.3,0.531611224,4226.3,1.294917832,4251,0.427564178,4227.4,0.271983947,4213.7,0.286672169,4220.5,0.104259309,4213.7,0.104259309,4213.7
324,R1_10_7,1.091013021,44393.4,5.109747313,46453,2.968403422,45479.9,0.942692421,44375.2,1.444001738,44673.8,2.829575815,45045.2,0.105890776,44174.8,0.105890776,44174.8
240,C1_8_3,1.161684586,24449.2,1.120247491,24346.1,1.047753014,24435.9,1.55182763,24483.4,0.574896206,24292.6,0.495792742,24288.3,0.112263217,24202.5,0.112263217,24202.5
204,R1_6_7,0.878834975,16655,3.06281677,16945.5,2.408124452,16846.5,1.250209924,16723.3,0.949967759,16615.4,3.797648535,17083.3,0.112442473,16533.7,0.112442473,16533.7
275,R2_8_8,2.290303196,12979.8,2.671083798,12962.9,3.694978719,13027.6,0.974731173,12803.4,2.044102666,12815.3,2.564927784,12803.1,0.115922543,12700.5,0.115922543,12700.5
208,R2_6_1,2.803690479,15528.6,2.368294104,15404.6,0.578252085,15180.8,0.128678287,15158.5,0.95016329,15154.8,0.861338883,15206.5,0.117715531,15145.3,0.117715531,15145.3
239,C1_8_2,0.117214541,24975.4,0.077036143,24974.1,0.211464001,25013.9,0.35125566,25060.4,0.090101471,24993.5,0.064027042,24976.6,0.118339578,25001.1,0.064027042,24974.1
265,R1_8_8,1.313870948,27913.2,5.069319838,28991.2,1.862125255,28083,0.98351643,27893.9,1.297220043,27876.8,2.898458294,28310.8,0.122296043,27684.7,0.122296043,27684.7
205,R1_6_8,0.743421674,15686.4,3.645050827,16142.5,0.895027979,15678.6,1.132234488,15718.5,1.24413414,15742.4,3.602133198,16032.3,0.126198743,15609.9,0.126198743,15609.9
221,RC1_6_4,1.165440532,14929.2,2.131462154,15026.4,0.984553918,14860.8,1.150354228,14896.6,0.886782545,14887.9,3.805485537,15136.5,0.127884288,14775.2,0.127884288,14775.2
194,C2_6_7,0.476613135,7520,0.532232646,7519.9,3.212065316,7725.1,1.570484676,7602.5,0.17545188,7499.4,0.310816,7511.2,0.13016947,7497,0.13016947,7497
261,R1_8_4,1.458982608,28094,4.917411957,29085.7,1.75066698,28279.3,1.124813402,27998.9,1.299384006,28089.4,3.076675216,28469.9,0.130642867,27836.1,0.130642867,27836.1
155,R2_4_8,0.977146408,4036.4,1.012269594,4024.3,0.797689904,4026.8,0.610585664,4020.7,0.294867818,4007.5,0.257670537,4007,0.132735737,4004.8,0.132735737,4004.8
218,RC1_6_1,1.397371359,17175.3,2.081237787,17229.1,1.77536064,17126.9,1.056306919,17108.9,0.589059947,17053.5,1.452579041,17086.2,0.132809754,16961.1,0.132809754,16961.1
349,RC2_10_2,0.595200744,24373.2,1.43593698,24417,1.517886894,24525.7,0.421142849,24298.5,0.164455801,24269,0.066810354,24257.1,0.135488307,24268.6,0.066810354,24257.1
344,RC1_10_7,2.050909158,45266.2,5.048286103,46732.1,2.935032684,45967.3,1.144842464,44933.7,0.757344466,44823.6,2.202490323,45247.3,0.137620565,44657.9,0.137620565,44657.9
267,R2_8_10,1.825879942,20347.1,2.907680411,20409,1.933076048,20305.6,0.42658439,20065.3,0.991985025,20056.7,0.309044557,20041.5,0.141608354,20007.8,0.141608354,20007.8
235,RC2_6_8,0.83268843,9887.4,0.744266087,9872.1,1.420632486,9896,0.274608467,9843.9,0.06083335,9814.7,-0.003141931,9807.8,0.148769125,9816.2,-0.003141931,9807.8
216,R2_6_9,0.888302187,12827.4,2.422019306,13019.2,1.263368042,12817.6,0.408884594,12776.9,0.483207344,12778.9,0.468408301,12750.3,0.150348687,12744,0.150348687,12744
97,RC1_2_10,0.30605714,2995,0.161416428,2994.9,0.264611749,2997.7,0.276789409,2994.9,0.166479705,2994.9,0.315540004,2997.1,0.152874015,2994.9,0.152874015,2994.9
348,RC2_10_1,0.812524563,28335.7,1.547573682,28506,2.269544118,28594.5,0.607385792,28332.3,0.467684845,28276.1,0.421070758,28253.2,0.163388356,28192.1,0.163388356,28192.1
272,R2_8_5,1.671539214,23112.3,3.186178063,23213,1.388252839,23038.4,0.248526424,22829.5,0.702517504,22826.5,0.448199306,22846.7,0.166536137,22808.2,0.166536137,22808.2
294,RC2_8_7,0.704858303,16530.4,2.064659425,16680.5,2.053144444,16621.1,0.256737302,16450.7,0.220733057,16446.6,0.077790839,16396.5,0.172070401,16369.9,0.077790839,16369.9
288,RC2_8_1,0.760080494,19311.7,1.732669957,19476.3,1.121030009,19315.5,0.685478353,19265.2,0.083319359,19212.1,0.153577932,19205.1,0.173082393,19213.4,0.083319359,19205.1
246,C1_8_9,0.41968928,24255.9,1.686394912,24470.5,1.164345072,24441.3,1.229292524,24317.5,0.543350814,24296.5,0.331036399,24233.5,0.173610086,24208.4,0.173610086,24208.4
280,RC1_8_3,1.461523171,27790.6,3.920666965,28485.1,2.618895317,28063.3,1.023377402,27690.3,1.287989611,27730.1,2.543791599,27991.8,0.174429615,27516.2,0.174429615,27516.2
237,C1_8_10,0.769664522,24158.6,2.950266054,24580.2,1.421620143,24222.4,1.365453785,24198.7,0.388953341,24098.8,0.386599126,24081.7,0.180627919,24046.3,0.180627919,24046.3
191,C2_6_4,2.097859745,7014.7,0.874333251,6923.5,4.440493924,7088,1.061223223,6900.4,0.332767775,6891.1,0.52919857,6891.1,0.183136746,6881.2,0.183136746,6881.2
215,R2_6_8,1.978197947,7645.6,2.591151816,7631.6,2.612217768,7676.9,0.967321739,7574.9,1.184032412,7534.6,1.700957905,7534.1,0.184874294,7512.3,0.184874294,7512.3
301,C1_10_4,1.249741668,39852.8,5.16443646,41414.4,1.795024298,40052.9,1.099159221,39815.4,0.325370428,39535,0.960490314,39730.3,0.185523805,39524.6,0.185523805,39524.6
355,RC2_10_8,1.260828515,23584.2,2.814308239,23936.9,2.926899516,23893.2,0.823384489,23480.6,0.819861946,23472.9,0.625530969,23384,0.189369574,23307.9,0.189369574,23307.9
223,RC1_6_6,1.080175525,16672.2,2.479143037,16882,1.972656693,16771.1,1.224420022,16678.8,0.776199797,16621.9,1.944818079,16709.7,0.190937316,16546.8,0.190937316,16546.8
209,R2_6_2,2.503317569,13291.2,2.665492207,13185.2,0.30146284,13002.9,0.168792585,13003.7,0.443193423,13009.3,0.79483603,13053.6,0.197363753,12998.4,0.168792585,12998.4
111,RC2_2_4,0.160337239,1854.8,0.017508965,1854.8,0.270404041,1857.3,0.153990733,1854.8,0.019646551,1854.8,0.230770102,1857.6,0.206424918,1858.5,0.017508965,1854.8
347,RC2_10_10,1.526331263,22155.1,2.680973235,22249.1,2.729747413,22397.7,0.437953822,21928.3,0.951147627,21905.7,0.454298451,21900.7,0.206482546,21862.3,0.206482546,21862.3
268,R2_8_1,2.216787039,25461.3,3.412112821,25391.3,0.848658157,25036.4,0.314025392,25044.7,0.961512545,25084.1,0.371408342,25027.7,0.206724827,24998.9,0.206724827,24998.9
210,R2_6_3,1.122089218,10560.9,2.583235996,10622.8,1.340442837,10568.8,0.149346361,10467.2,0.524537674,10465.4,0.595245187,10485.9,0.209219219,10467.2,0.149346361,10465.4
282,RC1_8_5,1.839399239,29707.3,3.420045537,30251.2,2.493046829,29909.3,1.420607479,29625,0.744732594,29423.9,0.988825275,29493.5,0.213397992,29327.6,0.213397992,29327.6
276,R2_8_9,1.761038954,21616.5,3.627800984,21969,1.735930899,21565,0.187736433,21315.4,1.500800016,21510,0.53149581,21361.6,0.214764862,21294.1,0.187736433,21294.1
180,C1_6_3,0.117170357,13757.2,0.116308671,13757.2,0.206005327,13775.9,0.267786296,13775.9,0.028744149,13757,0.022745523,13757,0.216874562,13778.8,0.022745523,13757
202,R1_6_5,0.846250994,19409.7,2.235011079,19644.1,2.049682309,19646.3,1.328711823,19504.4,0.67891463,19369.4,1.080138278,19408,0.21715612,19322.6,0.21715612,19322.6
207,R2_6_10,2.182055147,12085.2,2.197622429,12005.6,1.444674846,11974.8,0.46345349,11890.3,0.629544775,11859.3,0.689771129,11855.1,0.222890279,11852.9,0.222890279,11852.9
328,R2_10_1,2.155205354,37493.1,3.260649937,37761.9,1.86155313,37499.9,0.387859026,37023,0.801240702,37049.2,0.471405194,36989.3,0.223856787,36891.3,0.223856787,36891.3
278,RC1_8_1,1.600192926,30359,2.350756496,30624,2.995337354,30874.7,1.777319472,30491.4,0.953868912,30223.5,1.099504908,30180.9,0.234020939,30058.9,0.234020939,30058.9
330,R2_10_3,1.936006643,24866,2.38236579,24918.6,3.238584668,24941.8,0.719304624,24559.1,0.758755065,24473.6,0.377187682,24449.7,0.237853331,24429.7,0.237853331,24429.7
339,RC1_10_2,1.821537555,44391.5,4.873772111,45976.8,2.963639276,45064.9,1.384105258,44291.5,1.347778598,44276.9,2.78026259,44725.3,0.240906417,43892.6,0.240906417,43892.6
241,C1_8_4,0.405377648,23864.6,2.649892448,24195.6,0.965094388,23969.9,0.79623471,23878.5,0.305104215,23853.8,0.535592513,23884.3,0.243449252,23854.2,0.243449252,23853.8
285,RC1_8_8,1.937430074,28898.3,3.729975918,29444.5,2.484977691,28992,1.51856182,28846.3,0.854597806,28626.1,1.687853088,28820.4,0.248007424,28460.9,0.248007424,28460.9
147,R2_4_10,1.348597424,5715.6,1.825004359,5726.2,0.774967095,5678.4,0.324649824,5662.5,0.663452538,5668.8,0.408816675,5662.5,0.256342035,5657.7,0.256342035,5657.7
354,RC2_10_7,0.986417054,24648.6,2.115504795,24841.9,1.91752048,24857.8,0.848529209,24596.1,0.386661725,24457.2,0.292838447,24456.3,0.263265275,24456.6,0.263265275,24456.3
284,RC1_8_7,1.598123734,29154.8,3.875717364,29897.9,2.63878787,29532.8,1.463865677,29059.6,0.730254769,28956.7,1.655395827,29235.9,0.264920368,28858.9,0.264920368,28858.9
270,R2_8_3,1.983027678,17556.3,3.947358052,17596.6,2.244376125,17444.1,0.509348473,17291.5,0.558589854,17266,0.640452628,17306,0.2667555,17237.8,0.2667555,17237.8
224,RC1_6_7,1.881960283,16349.6,3.011501539,16464.1,2.743456698,16339.6,1.120553796,16183.7,0.708183312,16166.5,2.617001501,16296.5,0.276805062,16084.3,0.276805062,16084.3
203,R1_6_6,1.365018859,17993.3,3.42199671,18359.7,2.015974159,18089.2,1.505178711,18002.1,0.742050805,17818.3,3.5617492,18351.1,0.277577132,17790.3,0.277577132,17790.3
345,RC1_10_8,1.992009664,44677.9,5.032383215,46143.8,2.610425878,45140.4,1.247165426,44458.6,0.932481726,44285.7,2.177587537,44800.8,0.289330526,44145.6,0.289330526,44145.6
300,C1_10_3,1.079210987,40483.8,2.474330487,41022.3,1.515566682,40628.9,1.49500704,40549.2,0.561572,40295.5,0.628449568,40293.8,0.291030758,40216.4,0.291030758,40216.4
262,R1_8_5,1.163834152,33872.3,2.460968318,34406.3,1.714161284,34185.8,1.080964862,33915.8,0.442065516,33670.6,0.945863394,33757.2,0.294400776,33658.8,0.294400776,33658.8
198,R1_6_1,0.410533822,21311.8,2.574664253,21616.4,0.34716179,21311.9,0.695121305,21357.3,0.387817111,21311.2,0.647329446,21286.7,0.294515922,21312.5,0.294515922,21286.7
346,RC1_10_9,2.371403508,44783.6,5.081866925,46191.1,2.98326833,45274,1.63402391,44603.5,0.69225089,44098.2,2.409415382,44795.1,0.301333497,44087.3,0.301333497,44087.3
305,C1_10_8,0.436838183,41970.6,0.869172098,42111,0.598668636,42076,0.956873425,42068.6,0.324542712,41887.2,0.378071608,41934.3,0.307813426,41902.5,0.307813426,41887.2
222,RC1_6_5,1.036531944,16703.7,3.946842732,17022.7,2.17722533,16826.7,1.255003378,16695,0.843140633,16659.8,2.354586741,16764.9,0.310717156,16597.4,0.310717156,16597.4
206,R1_6_9,0.743855636,18601.7,2.122562916,18749,0.995634939,18651.4,0.735657803,18578.6,0.527191542,18537.6,1.63672998,18627.6,0.314504705,18521.5,0.314504705,18521.5
143,R1_4_6,0.895714676,8407.4,0.917647923,8398.2,0.956648487,8392.8,1.631888895,8458.2,0.536049937,8378.2,0.636083481,8384.8,0.319398109,8362.1,0.319398109,8362.1
229,RC2_6_2,0.807727204,10407.1,1.163964752,10419.1,1.150616891,10393,0.390407453,10336.9,0.455018,10375.7,0.216606532,10354.2,0.337081741,10346.3,0.216606532,10336.9
213,R2_6_6,2.432716237,12115,3.18765594,12100.7,1.544757137,11973.8,0.199638955,11868.5,0.817266825,11905.9,0.751177749,11871.2,0.339013581,11868,0.199638955,11868
333,R2_10_6,1.824132753,29704.1,3.136977072,29990.7,1.739492081,29645,0.444074667,29314.6,1.022524649,29322.8,0.431620889,29259.9,0.339063154,29179.4,0.339063154,29179.4
306,C1_10_9,1.237948744,40731.2,3.081425262,41501.3,1.991535493,41118.5,2.021558691,40903.2,0.490569162,40477.2,0.469187837,40510.4,0.347193871,40425.2,0.347193871,40425.2
321,R1_10_4,1.539191112,42893,5.218190309,44655.1,2.304568154,43538.3,1.185355576,42795.4,1.688759226,43155,3.415289164,43831.8,0.348132629,42625.9,0.348132629,42625.9
341,RC1_10_4,1.981952505,41984.4,5.43435805,43540.1,2.165518496,42323.5,0.977002673,41666.6,1.375065812,41882.8,2.481340409,42126.8,0.348384824,41577.1,0.348384824,41577.1
274,R2_8_7,1.484644739,16609.4,1.85483652,16661.5,1.980578424,16616.8,0.167425549,16403.2,0.734811412,16426.7,0.310721419,16415.5,0.357012751,16430.6,0.167425549,16403.2
273,R2_8_6,1.480113959,19998.1,3.242852963,20321.8,2.193368775,19990.5,0.31810848,19794.9,0.650574129,19774,0.428251349,19771,0.363256023,19786,0.31810848,19771
326,R1_10_9,1.834363862,49934.9,4.480384129,51462.4,2.691879788,50577.6,1.26440304,49693,0.965731346,49453.9,1.713676903,50085.2,0.363551419,49417.9,0.363551419,49417.9
264,R1_8_7,1.06235787,29110.6,4.708647608,30052,2.88288484,29719.7,1.29698639,29239.5,1.121758513,29192.9,2.908374539,29525.7,0.365668902,29015.6,0.365668902,29015.6
201,R1_6_4,0.849731364,15866.2,4.446660576,16347.8,1.744689595,16019.2,0.620182703,15812.9,1.051862979,15925.5,2.957551904,16200.9,0.371639467,15817.7,0.371639467,15812.9
199,R1_6_2,0.833682719,18682.6,3.40371746,19138.8,1.38029471,18807.9,1.058289523,18703.4,0.28343913,18578.1,2.078188291,18796.6,0.372098966,18579.2,0.28343913,18578.1
277,RC1_8_10,1.971901854,28618.8,3.566932272,29169.5,3.014043846,29000.6,1.243083398,28449.5,0.920338057,28361.2,2.082721777,28684.5,0.373974185,28283.1,0.373974185,28283.1
283,RC1_8_6,1.042706141,29370.8,3.568168117,30151.9,2.659012583,29858.2,1.047715595,29429.1,0.66170362,29354.5,1.301633212,29520.7,0.38239527,29305.2,0.38239527,29305.2
340,RC1_10_3,1.903514937,42840,4.949294977,44105.2,2.674161334,43442.2,1.141542883,42597,1.301907881,42708.7,2.682498028,43069.2,0.3846729,42311.1,0.3846729,42311.1
281,RC1_8_4,1.176633302,26760.8,4.233606584,27614.9,2.253190286,27083.3,1.273727103,26805.5,1.247959301,26797.9,2.558416596,27103.9,0.388843859,26657.4,0.388843859,26657.4
338,RC1_10_1,2.097984269,46670.6,3.799865291,47429.7,2.522987752,46992.6,1.225763984,46350.3,1.08597822,46196.1,1.406857791,46460.5,0.400365991,46047.3,0.400365991,46047.3
200,R1_6_3,0.729030207,17030,4.502017596,17555.1,2.549017487,17299.9,0.774516144,17006.4,0.716019275,16983.3,2.378428439,17283.2,0.401151795,16965.5,0.401151795,16965.5
279,RC1_8_2,1.456226083,28646,3.423748291,29283,3.229976351,29119.7,1.787548695,28774.8,0.746454065,28492.3,1.961283628,28785.6,0.408588814,28414.9,0.408588814,28414.9
286,RC1_8_9,1.630529608,28696.2,3.727331011,29384.9,3.024999804,28964.5,1.556284265,28751.5,1.064916119,28614.4,2.091559597,28885.8,0.433164648,28465.1,0.433164648,28465.1
325,R1_10_8,1.567353088,42760.4,5.06404834,44424.6,2.126630439,43314.1,0.952941378,42624.7,1.520290605,42942,3.005577003,43373.8,0.433853376,42451.6,0.433853376,42451.6
269,R2_8_2,1.328113435,21556.4,2.216544211,21712.8,1.129932437,21515.1,0.228083808,21360.4,0.266133835,21322.4,0.294206477,21359.5,0.472889483,21384.2,0.228083808,21322.4
263,R1_8_6,1.391798047,31280.7,4.127841177,32199.6,2.744804498,31745.4,1.435370425,31312.5,1.210075138,31159.4,2.10536244,31390.6,0.482154981,31027.6,0.482154981,31027.6
266,R1_8_9,1.26070987,32639.4,3.75934683,33515.4,2.360254201,33042.4,1.1127491,32570.8,1.114575926,32610,1.298865186,32715.4,0.485661397,32419.7,0.485661397,32419.7
334,R2_10_7,0.58114268,23333.3,2.097401263,23593.8,2.544663352,23679,0.486983814,23319.6,0.81755671,23223.9,0.103501217,23187,0.493447604,23305.2,0.103501217,23187
329,R2_10_2,2.608478239,32016.6,4.142422199,32341.5,1.902874492,31680.1,0.278287368,31345.1,1.006535245,31358.2,0.28676694,31323.3,0.498763768,31384.7,0.278287368,31323.3
342,RC1_10_5,2.535643461,46111.8,4.400078127,47083,2.652940282,46304.8,1.412581079,45638.1,1.131902274,45498.6,1.771738471,45776.4,0.50207111,45349.6,0.50207111,45349.6
317,R1_10_10,1.695022665,48063.8,5.008372588,49634.5,2.882805433,48883.4,1.338887066,47848.8,2.092801604,48297.1,2.288129691,48258.5,0.502986491,47690.5,0.502986491,47690.5
322,R1_10_5,1.619249033,51016.7,3.84761881,51962,2.355545964,51524,1.342512052,50866.4,0.804029451,50675.9,1.246622041,50994.2,0.507183108,50596.5,0.507183108,50596.5
258,R1_8_1,0.978219164,36602.9,4.834712164,37781.2,1.291318454,36803,0.751846051,36537.7,0.426220368,36467.6,0.514057395,36538.9,0.529456605,36465,0.426220368,36465
320,R1_10_3,1.260557774,45124.7,5.792072363,47078.3,2.97078725,46049.3,1.296455081,45205.9,1.620586023,45276.3,2.309836904,45590.5,0.532666133,44999.1,0.532666133,44999.1
257,R1_8_10,1.299319515,31301.6,4.303603859,32273.5,2.767364531,31796.6,1.363386174,31373.5,1.340614298,31313,1.336231317,31437,0.536716337,31138.4,0.536716337,31138.4
260,R1_8_3,1.231150842,29650.3,5.631679321,30924.6,2.995188942,30260.1,1.088058813,29628.3,1.025652478,29589.2,2.436983439,30026.8,0.545584584,29510.1,0.545584584,29510.1
271,R2_8_4,1.593159611,13391.7,2.25555609,13346,4.243853688,13525.3,0.610964699,13239.8,1.421514249,13277.2,1.885062217,13297.1,0.553473924,13245,0.553473924,13239.8
343,RC1_10_6,1.877026527,45648.6,4.642647151,47198.1,3.287918991,46504.4,1.457786357,45474.8,0.810811144,45364.4,1.741908761,45612.2,0.601229793,45359.9,0.601229793,45359.9
323,R1_10_6,1.697128643,47634.1,3.953612527,48851.5,2.729452693,48408,1.503709293,47577.2,1.072069917,47423.4,2.261856074,47544.7,0.602389108,47276.2,0.602389108,47276.2
318,R1_10_1,1.16442324,53632.2,4.929569855,54829.8,1.417315399,53920.7,0.765720533,53371.8,0.39808688,53328.3,0.915237528,53380.4,0.616438637,53341.7,0.39808688,53328.3
217,RC1_6_10,1.622695495,15885.6,3.367672112,16167,2.343856086,15991.6,1.433080132,15850.3,1.061291265,15803.7,2.914227624,16070.5,0.698591194,15737.1,0.698591194,15737.1
259,R1_8_2,1.340875678,32625.6,5.171729864,33862.4,2.762214467,33200.7,1.615310981,32776,0.62486821,32411.1,1.515379374,32739,0.751392702,32473.8,0.62486821,32411.1
319,R1_10_2,1.635796191,48880.3,6.229883508,51012.6,2.706328683,49645.6,0.947653874,48622.1,1.206123484,48663,2.120384632,49074.5,0.778745849,48513,0.778745849,48513
297,C1_10_10,1.993352466,40536.7,3.754659282,41005.1,2.05347124,40512.9,1.681734591,40284.8,0.968214204,40150,0.792866209,40082.4,0.849728714,40149.5,0.792866209,40082.4
