0,,,ALNS++,WFI,LOG-UFPB,Vavavuma!,HustSmart,Alkaid-X,WouterCo
1,C101,PI,0.136822222,0.00025,0.000183333,0.000283333,0.000077800 ,0.000046100 ,0.000055600 
2,827.3,Best sol.,827.3,827.3,827.3,827.3,827.3,827.3,827.3
3,C102,PI,0.277764503,0.000248729,0.000188889,0.000270494,0.000112267,0.0000963,0.0000444
4,827.3,Best sol.,827.3,827.3,827.3,827.3,827.3,827.3,827.3
5,C103,PI,0.423377382,0.000200559,0.000161111,0.000357097,0.000220474,0.000136872,0.0000555
6,826.3,Best sol.,826.3,826.3,826.3,826.3,826.3,826.3,826.3
7,C104,PI,0.572653255,0.000269205,0.000127778,0.000240278,0.000318734,0.000134629,0.000330767
8,822.9,Best sol.,822.9,822.9,822.9,822.9,822.9,822.9,822.9
9,C105,PI,0.723847424,0.000127886,0.000155556,0.000144444,0.0000558,0.0000589,0.0000611
10,827.3,Best sol.,827.3,827.3,827.3,827.3,827.3,827.3,827.3
11,C106,PI,0.646700322,0.000160832,0.000161111,0.000147681,0.0000908,0.000061326,0.0000556
12,827.3,Best sol.,827.3,827.3,827.3,827.3,827.3,827.3,827.3
13,C107,PI,0.565414441,0.000180393,0.000166667,0.000155556,0.0000783,0.0000722,0.0000556
14,827.3,Best sol.,827.3,827.3,827.3,827.3,827.3,827.3,827.3
15,C108,PI,0.57290783,0.000174373,0.000296111,0.000144444,0.000210792,0.0000889,0.0000778
16,827.3,Best sol.,827.3,827.3,827.3,827.3,827.3,827.3,827.3
17,C109,PI,0.59779014,0.000163765,0.000176647,0.000205419,0.000164052,0.0000831,0.0000222
18,827.3,Best sol.,827.3,827.3,827.3,827.3,827.3,827.3,827.3
19,C201,PI,0.589037098,0.000160864,0.000266667,0.000144444,0.0000736,0.0000722,0.0000667
20,589.1,Best sol.,589.1,589.1,589.1,589.1,589.1,589.1,589.1
21,C202,PI,0.617802033,0.000328512,0.000238889,0.000144444,0.000136163,0.000131148,0.0000844
22,589.1,Best sol.,589.1,589.1,589.1,589.1,589.1,589.1,589.1
23,C203,PI,0.602995477,0.000334608,0.000539929,0.000233738,0.000181128,0.00051051,0.000188899
24,588.7,Best sol.,588.7,588.7,588.7,588.7,588.7,588.7,588.7
25,C204,PI,0.600931495,0.000411705,0.000342429,0.000267635,0.008008275,0.000312215,0.00068006
26,588.1,Best sol.,588.1,588.1,588.1,588.1,588.1,588.1,588.1
27,C205,PI,0.605421781,0.000264378,0.000233333,0.000169084,0.000128608,0.0000884,0.000213067
28,586.4,Best sol.,586.4,586.4,586.4,586.4,586.4,586.4,586.4
29,C206,PI,0.600013965,0.000287931,0.000346909,0.000144444,0.000122336,0.0000833,0.0000935
30,586,Best sol.,586,586,586,586,586,586,586
31,C207,PI,0.602506405,0.000226357,0.000211111,0.000161111,0.000136169,0.000120388,0.0000333
32,585.8,Best sol.,585.8,585.8,585.8,585.8,585.8,585.8,585.8
33,C208,PI,0.611977397,0.000249729,0.000282982,0.000161111,0.000118387,0.000119389,0.0000778
34,585.8,Best sol.,585.8,585.8,585.8,585.8,585.8,585.8,585.8
35,R101,PI,0.600461761,0.003968448,0.000301124,0.000429908,0.000444939,0.000106347,0.003546349
36,1637.7,Best sol.,1637.7,1637.7,1637.7,1637.7,1637.7,1637.7,1637.7
37,R102,PI,0.602839726,0.000594038,0.000191299,0.000814207,0.000256869,0.000120767,0.001893741
38,1466.6,Best sol.,1466.6,1466.6,1466.6,1466.6,1466.6,1466.6,1466.6
39,R103,PI,0.607908125,0.003101855,0.000627268,0.001325122,0.002709567,0.000317956,0.001647166
40,1208.7,Best sol.,1208.7,1208.7,1208.7,1208.7,1208.7,1208.7,1208.7
41,R104,PI,0.730389121,0.009156571,0.00585145,0.001073057,0.004849348,0.001171459,0.000782856
42,971.5,Best sol.,976,971.5,971.5,971.5,971.5,971.5,971.5
43,R105,PI,0.143959103,0.002669889,0.000481482,0.010888174,0.000998071,0.000555039,0.000599429
44,1355.3,Best sol.,1355.3,1355.3,1355.3,1355.3,1355.3,1355.3,1355.3
45,R106,PI,0.280922678,0.00268327,0.000674392,0.009461115,0.00174581,0.001484095,0.000565376
46,1234.6,Best sol.,1234.6,1234.6,1234.6,1234.6,1234.6,1234.6,1234.6
47,R107,PI,0.451669051,0.004404295,0.000852274,0.127796951,0.004054829,0.00089551,0.001213524
48,1064.6,Best sol.,1064.6,1064.6,1064.6,1064.6,1064.6,1064.6,1064.6
49,R108,PI,0.921345633,0.007575171,0.0185794,0.87632031,0.022979036,0.000688842,0.001478186
50,932.1,Best sol.,936.7,932.1,932.1,938.8,932.1,932.1,932.1
51,R109,PI,0.142521234,0.002990532,0.000811546,0.002912893,0.004767599,0.000531123,0.001099689
52,1146.9,Best sol.,1146.9,1146.9,1146.9,1146.9,1146.9,1146.9,1146.9
53,R110,PI,0.476754781,0.003500229,0.004698039,0.010537308,0.01149625,0.001080993,0.00129703
54,1068,Best sol.,1068,1068,1068,1068,1068,1068,1068
55,R111,PI,0.182002907,0.002336828,0.001357845,0.01862514,0.001512529,0.001465416,0.000709206
56,1048.7,Best sol.,1048.7,1048.7,1048.7,1048.7,1048.7,1048.7,1048.7
57,R112,PI,0.446093813,-0.023251112,-0.024913718,0.267524913,0.001765618,-0.027391553,-0.030681037
58,948.9,Best sol.,950.5,948.6,948.6,950.4,948.6,948.6,948.6
59,R201,PI,0.217173776,0.016624496,0.000683364,0.000861734,0.034084028,0.00074672,0.001920496
60,1143.2,Best sol.,1143.2,1143.2,1143.2,1143.2,1143.2,1143.2,1143.2
61,R202,PI,0.282833216,0.023141693,0.002284399,0.001013212,0.009032339,0.001139669,0.002945673
62,1029.6,Best sol.,1030.6,1029.6,1029.6,1029.6,1029.6,1029.6,1029.6
63,R203,PI,0.14413894,0.013493605,0.000712011,0.00852555,0.012988666,0.000658115,0.001342639
64,870.8,Best sol.,870.8,870.8,870.8,870.8,870.8,870.8,870.8
65,R204,PI,0.299866917,0.00210502,0.073639964,0.000957774,0.008533865,0.001042304,0.001399574
66,731.3,Best sol.,731.3,731.3,731.8,731.3,731.3,731.3,731.3
67,R205,PI,0.441175713,0.002811725,0.163070753,0.248010889,0.004348052,0.001527777,0.001675389
68,949.8,Best sol.,949.9,949.8,951.3,951.3,949.8,949.8,949.8
69,R206,PI,0.687749084,0.090100962,0.005475963,0.000640943,0.013168375,0.001954538,0.002436551
70,875.9,Best sol.,880.6,875.9,875.9,875.9,875.9,875.9,875.9
71,R207,PI,0.162430619,0.004510104,0.000734061,0.028089393,0.00802402,0.005392961,0.001367275
72,794,Best sol.,794,794,794,794,794,794,794
73,R208,PI,0.298402512,0.00216887,0.216487542,0.000804739,0.007326597,0.001920875,0.000923221
74,701,Best sol.,701,701,702.5,701,701,701,701
75,R209,PI,1.056328286,0.00590972,0.002388442,0.000756738,0.001120041,0.001000256,0.001771932
76,854.8,Best sol.,861.6,854.8,854.8,854.8,854.8,854.8,854.8
77,R210,PI,0.230554053,0.001384138,0.049855744,0.834047742,0.043477892,0.006586381,0.002303841
78,900.5,Best sol.,900.9,900.5,900.8,908,900.5,900.5,900.5
79,R211,PI,0.862068307,0.003158166,0.681971778,0.802868537,0.015132572,0.194811588,0.001666993
80,746.7,Best sol.,751.7,746.7,751.7,751.7,746.7,746.7,746.7
81,RC101,PI,0.168154991,0.005101795,0.015616232,0.911962772,0.364429911,0.00091566,0.000697551
82,1619.8,Best sol.,1619.8,1619.8,1619.8,1634.2,1619.8,1619.8,1619.8
83,RC102,PI,0.476896353,0.004947855,0.00943025,0.244599504,0.008206024,0.000494967,0.001072514
84,1457.4,Best sol.,1457.4,1457.4,1457.4,1457.4,1457.4,1457.4,1457.4
85,RC103,PI,0.203092908,0.017297266,0.007808174,0.288926475,0.015081377,0.00169637,0.002973715
86,1258,Best sol.,1258,1258,1258,1258,1258,1258,1258
87,RC104,PI,0.186259918,0.002427988,0.001674994,0.005155412,0.001362589,0.000413188,0.000771782
88,1132.3,Best sol.,1132.3,1132.3,1132.3,1132.3,1132.3,1132.3,1132.3
89,RC105,PI,0.290679621,0.002019172,0.00322778,0.00579539,0.0021032,0.000336762,0.001927034
90,1513.7,Best sol.,1513.7,1513.7,1513.7,1513.7,1513.7,1513.7,1513.7
91,RC106,PI,0.326126191,0.066990107,0.059987181,0.292126588,0.013658267,0.000810594,0.002962895
92,1372.7,Best sol.,1372.7,1373.5,1373.5,1373.5,1372.7,1372.7,1372.7
93,RC107,PI,0.343803335,0.005185104,0.002136789,0.031558269,0.001979953,0.000528931,0.002358887
94,1207.8,Best sol.,1209.3,1207.8,1207.8,1207.8,1207.8,1207.8,1207.8
95,RC108,PI,0.142165277,0.035455872,0.004392931,0.141997708,0.057891602,0.000606653,0.000809044
96,1114.2,Best sol.,1114.2,1114.2,1114.2,1114.2,1114.2,1114.2,1114.2
97,RC201,PI,0.301338043,0.002373226,0.048964821,0.00402397,0.026182808,0.002200513,0.001326714
98,1261.8,Best sol.,1261.8,1261.8,1262.4,1261.8,1261.8,1261.8,1261.8
99,RC202,PI,0.240336354,0.003910806,0.005396174,0.020335343,0.114009709,0.001141134,0.001498578
100,1092.3,Best sol.,1092.3,1092.3,1092.3,1092.3,1092.3,1092.3,1092.3
101,RC203,PI,0.190924228,0.017774425,1.160130611,0.001287505,0.012185395,0.003468322,0.00115536
102,923.7,Best sol.,923.8,923.8,934.4,923.7,923.7,923.7,923.7
103,RC204,PI,0.143389258,0.000903733,0.005136074,0.002344597,0.001287123,0.001943696,0.000888488
104,783.5,Best sol.,783.5,783.5,783.5,783.5,783.5,783.5,783.5
105,RC205,PI,0.282810899,0.002276175,0.32090285,0.001507794,0.002252932,0.000837777,0.001247309
106,1154,Best sol.,1154,1154,1157.7,1154,1154,1154,1154
107,RC206,PI,1.756709418,0.007733745,0.00361512,0.030638265,0.017608012,0.001410609,0.001211513
108,1051.1,Best sol.,1064.3,1051.1,1051.1,1051.1,1051.1,1051.1,1051.1
109,RC207,PI,0.538805659,0.028779122,0.000521026,0.002967971,0.005557636,0.001219547,0.001157336
110,962.9,Best sol.,966.6,962.9,962.9,962.9,962.9,962.9,962.9
111,RC208,PI,0.99544532,0.003256183,0.453318869,0.081756002,0.008441235,0.007765964,0.001501911
112,776.1,Best sol.,782.8,776.1,779.6,776.1,776.1,776.1,776.1
113,C1_2_10,PI,0.237129571,0.001992261,0.054043028,0.048518584,0.025817899,0.002484596,0.002025453
114,2624.7,Best sol.,2627.2,2624.7,2626,2624.7,2624.7,2624.7,2624.7
115,C1_2_1,PI,0.143766869,0.000521838,0.000488535,0.000449921,0.00033229,0.000461343,0.00013066
116,2698.6,Best sol.,2698.6,2698.6,2698.6,2698.6,2698.6,2698.6,2698.6
117,C1_2_2,PI,0.285238856,0.000385235,0.000618655,0.000474208,0.000727023,0.000539506,0.000108789
118,2694.3,Best sol.,2694.3,2694.3,2694.3,2694.3,2694.3,2694.3,2694.3
119,C1_2_3,PI,0.435252882,0.008121909,0.000709505,0.000604066,0.000527314,0.001901767,0.0007712
120,2675.8,Best sol.,2675.8,2675.9,2675.8,2675.8,2675.8,2675.8,2675.8
121,C1_2_4,PI,0.194975171,0.011771136,0.002486095,0.035800412,0.002542392,0.00305238,0.001169723
122,2625.6,Best sol.,2625.6,2625.6,2625.6,2625.6,2625.6,2625.6,2625.6
123,C1_2_5,PI,0.283030465,0.000387271,0.000394798,0.000501781,0.001172125,0.000445548,0.000137779
124,2694.9,Best sol.,2694.9,2694.9,2694.9,2694.9,2694.9,2694.9,2694.9
125,C1_2_6,PI,0.42697481,0.000855564,0.000369865,0.000929973,0.001916834,0.000483031,0.000122222
126,2694.9,Best sol.,2694.9,2694.9,2694.9,2694.9,2694.9,2694.9,2694.9
127,C1_2_7,PI,0.487526885,0.006055556,0.000358868,0.000563173,0.001015926,0.000506981,0.006248148
128,2694.9,Best sol.,2694.9,2694.9,2694.9,2694.9,2694.9,2694.9,2694.9
129,C1_2_8,PI,0.577257216,0.001198779,0.000508097,0.000681491,0.00026334,0.000690342,0.000230806
130,2684,Best sol.,2684,2684,2684,2684,2684,2684,2684
131,C1_2_9,PI,0.69544953,0.002268229,0.001826285,0.013063606,0.001453422,0.001227612,0.001396988
132,2639.6,Best sol.,2639.6,2639.6,2639.6,2639.6,2639.6,2639.6,2639.6
133,C2_2_10,PI,0.619667799,0.007994732,0.002457261,0.001775279,0.003100443,0.005976219,0.001399516
134,1791.2,Best sol.,1791.2,1791.2,1791.2,1791.2,1791.2,1791.2,1791.2
135,C2_2_1,PI,0.573065876,0.001233961,0.00786203,0.000994618,0.000810151,0.000600428,0.000195878
136,1922.1,Best sol.,1922.1,1922.1,1922.1,1922.1,1922.1,1922.1,1922.1
137,C2_2_2,PI,0.582212428,0.003970121,0.162657579,0.003578976,0.00095004,0.002191869,0.00269571
138,1851.4,Best sol.,1851.4,1851.4,1851.4,1851.4,1851.4,1851.4,1851.4
139,C2_2_3,PI,0.859121265,0.012809937,0.992892414,0.004951805,0.009370224,0.017139315,0.002514631
140,1763.4,Best sol.,1767.7,1763.4,1780.6,1763.4,1763.4,1763.4,1763.4
141,C2_2_4,PI,0.871387289,0.219498338,0.71406963,0.007025572,0.026601141,0.087404736,0.006498922
142,1695,Best sol.,1706.4,1695,1706.7,1695,1695,1695.9,1695
143,C2_2_5,PI,0.145804476,0.00563394,0.008510538,0.016675179,0.001736327,0.005347643,0.001593677
144,1869.6,Best sol.,1869.6,1869.6,1869.6,1869.6,1869.6,1869.6,1869.6
145,C2_2_6,PI,0.211372249,0.003042241,0.009848065,0.001194158,0.000789518,0.001541606,0.00157891
146,1844.8,Best sol.,1844.8,1844.8,1844.8,1844.8,1844.8,1844.8,1844.8
147,C2_2_7,PI,0.289798998,0.006870135,0.011989005,0.002188607,0.000414146,0.001022958,0.040657145
148,1842.2,Best sol.,1842.2,1842.2,1842.2,1842.2,1842.2,1842.2,1842.9
149,C2_2_8,PI,0.321064719,0.008322353,0.027714464,0.232861043,0.011825825,0.001822827,0.001424288
150,1813.7,Best sol.,1813.7,1813.7,1813.7,1817.9,1813.7,1813.7,1813.7
151,C2_2_9,PI,0.454962339,0.00774142,0.002182397,0.005401579,0.003145644,0.001971224,0.001115145
152,1815,Best sol.,1820,1815,1815,1815,1815,1815,1815
153,R1_2_10,PI,0.425634391,0.276864582,0.47110377,0.341286869,0.330904933,0.258366975,0.041423758
154,3293.1,Best sol.,3301.6,3297.7,3307.2,3298.4,3297.7,3298.4,3293.1
155,R1_2_1,PI,0.144553272,0.036300858,0.014439843,0.143570141,0.003660896,0.009304482,0.010662157
156,4667.2,Best sol.,4667.2,4667.2,4667.2,4670.6,4667.2,4667.4,4667.2
157,R1_2_2,PI,0.41645994,0.165562714,0.446686444,0.671272943,0.022059529,0.018919602,0.007766137
158,3919.9,Best sol.,3921.6,3921.6,3937.1,3937.1,3919.9,3919.9,3919.9
159,R1_2_3,PI,0.331556696,0.258380692,0.242445049,1.239423085,0.082449843,0.0964132,0.023313071
160,3373.9,Best sol.,3379.1,3381.4,3381.7,3396.4,3375.8,3376,3374.2
161,R1_2_4,PI,1.150772042,0.388514213,0.363233261,0.813368202,0.064757399,0.325325169,0.017512309
162,3047.6,Best sol.,3073.7,3056.1,3057.1,3066.1,3048.1,3054.7,3047.6
163,R1_2_5,PI,0.175569842,0.036379887,0.061137022,0.071758389,0.01505853,0.064682694,0.005368558
164,4053.2,Best sol.,4053.3,4053.3,4055.5,4055.5,4053.2,4055.7,4053.2
165,R1_2_6,PI,0.222442552,0.147920779,0.208776911,0.763440931,0.144067573,0.113961082,0.014480154
166,3559.1,Best sol.,3559.2,3560.4,3565.7,3585,3562.8,3560,3559.1
167,R1_2_7,PI,0.316320542,0.117791937,0.532671317,0.179137916,0.09759707,0.046743918,0.005124695
168,3141.9,Best sol.,3145.8,3144.1,3158.4,3141.9,3144.1,3141.9,3141.9
169,R1_2_8,PI,0.570723193,0.572699897,0.264971604,0.716019299,0.249861324,0.19892289,0.006591956
170,2938.4,Best sol.,2950.8,2950.9,2945,2958.8,2944.8,2938.4,2938.4
171,R1_2_9,PI,0.22362371,0.047006989,0.146733203,0.083442505,0.055797671,0.051517751,0.011264789
172,3734.7,Best sol.,3734.7,3734.7,3738.4,3734.7,3734.7,3736,3734.7
173,R2_2_10,PI,1.087549638,0.238895983,0.015334833,0.124069597,0.062573427,0.010838311,0.00689597
174,2549.4,Best sol.,2563.8,2553,2549.4,2549.4,2549.4,2549.4,2549.4
175,R2_2_1,PI,0.407905966,0.482194292,0.006738623,0.017542256,0.191501443,0.008653034,0.006338557
176,3468,Best sol.,3470.2,3478.8,3468,3468,3468,3468,3468
177,R2_2_2,PI,0.536087677,0.146903787,0.015939206,0.002387794,0.135460418,0.005275292,0.008463761
178,3008.2,Best sol.,3018.2,3010.9,3008.2,3008.2,3008.2,3008.2,3008.2
179,R2_2_3,PI,2.453018513,0.047758879,0.080992231,0.002265435,0.119873575,0.00454031,0.006475562
180,2537.5,Best sol.,2596.6,2537.5,2537.5,2537.5,2537.5,2537.5,2537.5
181,R2_2_4,PI,0.903049453,0.095507533,0.587650081,0.071938739,0.069805501,0.024782188,0.005802444
182,1928.5,Best sol.,1943.3,1928.5,1939.2,1928.5,1928.5,1928.5,1928.5
183,R2_2_5,PI,0.267739009,0.1199237,0.56812214,0.093011552,0.160892171,0.102417501,0.097731684
184,3061.1,Best sol.,3063.6,3062.7,3076.6,3063.8,3063.8,3063.8,3063.8
185,R2_2_6,PI,0.726577393,0.090774967,0.08946955,0.005962892,0.116665672,0.025347852,0.008066036
186,2675.4,Best sol.,2689.2,2675.4,2675.5,2675.4,2675.5,2675.4,2675.4
187,R2_2_7,PI,0.155345342,0.033416783,0.082679546,0.005151161,0.06809136,0.006503172,0.004979995
188,2304.7,Best sol.,2304.7,2304.7,2304.7,2304.7,2304.7,2304.7,2304.7
189,R2_2_8,PI,0.204397523,0.04305857,0.241889095,0.039662062,0.02808511,0.024442478,0.007945712
190,1842.4,Best sol.,1842.4,1842.4,1844.7,1842.4,1842.4,1842.4,1842.4
191,R2_2_9,PI,0.348013032,0.13226597,0.040266337,0.038127771,0.094894369,0.033395188,0.009408074
192,2843.3,Best sol.,2846.3,2845.3,2844,2844,2844,2844,2843.3
193,RC1_2_10,PI,0.30605714,0.161416428,0.264611749,0.276789409,0.166479705,0.315540004,0.152874015
194,2990.5,Best sol.,2995,2994.9,2997.7,2994.9,2994.9,2997.1,2994.9
195,RC1_2_1,PI,0.300135444,0.148019388,0.030740501,0.234634749,0.015956494,0.002085341,0.003808423
196,3516.9,Best sol.,3521,3521.4,3516.9,3521.4,3516.9,3516.9,3516.9
197,RC1_2_2,PI,0.300397824,0.140834533,0.063026729,0.033658594,0.093282874,0.009703708,0.005872477
198,3221.6,Best sol.,3226.5,3221.6,3221.6,3221.6,3221.6,3221.6,3221.6
199,RC1_2_3,PI,0.190123556,0.163364048,0.505315037,0.504550839,0.433691593,0.167666308,0.006971964
200,3001.4,Best sol.,3001.8,3001.8,3015.8,3016,3008.4,3001.4,3001.4
201,RC1_2_4,PI,0.803623498,0.180614508,0.841846038,0.520199937,0.502975211,0.300005362,0.009205303
202,2845.2,Best sol.,2863.3,2845.2,2868.4,2858,2856.7,2845.8,2845.2
203,RC1_2_5,PI,0.197902663,0.0443317,0.037980483,0.169869926,0.086457627,0.010304436,0.007237855
204,3325.6,Best sol.,3326.9,3326.3,3326.3,3327.5,3327.5,3325.6,3325.6
205,RC1_2_6,PI,0.506898672,0.012168088,0.22326084,0.249316584,0.307624498,0.167066499,0.007152741
206,3300.7,Best sol.,3312.3,3300.7,3307.7,3307.7,3310.5,3304.2,3300.7
207,RC1_2_7,PI,0.156905099,0.07257183,0.027607175,0.017343912,0.032008432,0.004437675,0.00392563
208,3177.8,Best sol.,3177.9,3177.8,3177.8,3177.8,3177.8,3177.8,3177.8
209,RC1_2_8,PI,0.229048996,0.971137282,0.789818675,0.531179533,0.380645523,0.310564519,0.021057807
210,3060,Best sol.,3060,3060,3081.3,3071,3071,3060,3060
211,RC1_2_9,PI,0.394853317,0.268480796,0.26212716,0.484895178,0.095319649,0.04512935,0.036888706
212,3073.3,Best sol.,3074.8,3080.9,3080.4,3085.9,3074.8,3073.3,3073.6
213,RC2_2_10,PI,0.304661716,0.085309077,0.075836862,0.11651623,0.096620617,0.018939954,0.00505669
214,1989.2,Best sol.,1992.4,1989.3,1990.2,1990.2,1990.2,1989.2,1989.2
215,RC2_2_1,PI,0.203179272,0.068989482,0.183366252,0.133387409,0.014289432,0.059688886,0.005542669
216,2797.4,Best sol.,2799,2799,2802.1,2799,2797.4,2799,2797.4
217,RC2_2_2,PI,0.253748931,0.018352248,0.107664853,0.006938836,0.028298659,0.004141224,0.006337038
218,2481.6,Best sol.,2482.1,2481.7,2481.6,2481.6,2481.6,2481.6,2481.6
219,RC2_2_3,PI,0.244323676,0.091068379,0.281143786,0.134566654,0.112782699,0.082329235,0.069721184
220,2227.7,Best sol.,2229.3,2229.3,2233.7,2229.1,2229.1,2229.3,2229.1
221,RC2_2_4,PI,0.160337239,0.017508965,0.270404041,0.153990733,0.019646551,0.230770102,0.206424918
222,1854.8,Best sol.,1854.8,1854.8,1857.3,1854.8,1854.8,1857.6,1858.5
223,RC2_2_5,PI,0.304422522,0.013355693,0.140846271,0.170266206,0.011037367,0.015439042,0.003792145
224,2491.4,Best sol.,2491.4,2491.4,2493.5,2493.5,2491.4,2491.4,2491.4
225,RC2_2_6,PI,0.338940016,0.060509375,0.124716407,0.00195694,0.034938348,0.063002371,0.009130968
226,2495.1,Best sol.,2496.4,2496.4,2497.6,2495.1,2495.1,2496.4,2495.1
227,RC2_2_7,PI,1.250772083,0.022187959,0.023711923,0.177126668,0.050751909,0.054127082,0.006564164
228,2287.7,Best sol.,2312.8,2287.7,2287.7,2287.7,2287.7,2287.7,2287.7
229,RC2_2_8,PI,0.17058525,0.019047739,0.02071151,0.240608827,0.015586268,0.027130218,0.006442241
230,2151.2,Best sol.,2151.2,2151.2,2151.2,2156.3,2151.2,2151.2,2151.2
231,RC2_2_9,PI,0.331729653,0.029827478,0.279392231,0.22968223,0.018229644,0.148584168,0.00743628
232,2086.6,Best sol.,2086.6,2086.6,2091.1,2091.1,2086.6,2086.6,2086.6
233,C1_4_10,PI,0.197117881,0.076104698,0.207714058,0.495781422,0.029767149,0.013237764,0.009817999
234,6825.4,Best sol.,6826.8,6826.8,6837.1,6854.1,6826.5,6825.4,6825.4
235,C1_4_1,PI,0.071096022,0.00553826,0.001367632,0.000925,0.000406841,0.000908641,0.000144444
236,7138.8,Best sol.,7138.8,7138.8,7138.8,7138.8,7138.8,7138.8,7138.8
237,C1_4_2,PI,0.14224526,0.001611509,0.00119198,0.000962502,0.000730823,0.00328262,0.000269223
238,7113.3,Best sol.,7113.3,7113.3,7113.3,7113.3,7113.3,7113.3,7113.3
239,C1_4_3,PI,0.288331893,0.042406538,0.093757371,0.771333206,0.008301754,0.012695242,0.00593528
240,6929.9,Best sol.,6932.7,6931.7,6932.7,6966.6,6929.9,6929.9,6929.9
241,C1_4_4,PI,0.112453313,0.58440615,0.274143849,0.581148474,0.068701122,0.022815185,0.042901578
242,6777.7,Best sol.,6777.7,6812.6,6787.2,6811,6778.1,6777.7,6777.7
243,C1_4_5,PI,0.132291599,0.000766977,0.000946142,0.001050439,0.000381823,0.001382037,0.000141667
244,7138.8,Best sol.,7138.8,7138.8,7138.8,7138.8,7138.8,7138.8,7138.8
245,C1_4_6,PI,0.142382402,0.000760965,0.001084134,0.001206663,0.000499285,0.001211365,0.000133547
246,7140.1,Best sol.,7140.1,7140.1,7140.1,7140.1,7140.1,7140.1,7140.1
247,C1_4_7,PI,0.216684605,0.010596903,0.001360001,0.001183131,0.000492729,0.00151679,0.006423561
248,7136.2,Best sol.,7136.2,7136.2,7136.2,7136.2,7136.2,7136.2,7136.2
249,C1_4_8,PI,0.301129658,0.008380331,0.341093678,0.340609602,0.006526349,0.002384232,0.004892994
250,7083,Best sol.,7083,7083,7107,7107,7083,7083,7083
251,C1_4_9,PI,0.775767741,0.504684451,0.503977306,1.196543001,0.449181073,0.391614591,0.036379937
252,6927.8,Best sol.,6952,6961.4,6961.3,6961.9,6952,6952,6927.8
253,C2_4_10,PI,0.275242567,0.253819613,0.680259544,0.332995265,0.10569128,0.028655856,0.011753345
254,3665.1,Best sol.,3669.8,3669.6,3669.6,3669.6,3665.1,3665.1,3665.1
255,C2_4_1,PI,0.071256927,0.039250753,0.020072859,0.007042443,0.012539076,0.001713765,0.007659306
256,4100.3,Best sol.,4100.3,4100.3,4100.3,4100.3,4100.3,4100.3,4100.3
257,C2_4_2,PI,0.145100282,0.022485023,0.330021805,0.113467628,0.007812292,0.003477579,0.008454368
258,3914.1,Best sol.,3914.1,3914.1,3914.1,3914.1,3914.1,3914.1,3914.1
259,C2_4_3,PI,1.288528022,0.05882452,0.622948931,0.563954361,0.05668737,0.028543799,0.01196778
260,3755.2,Best sol.,3792.4,3755.6,3766.4,3770.7,3755.9,3755.9,3755.2
261,C2_4_4,PI,2.80028229,0.411807907,1.890235964,1.48441543,0.13377288,0.075235239,0.024377934
262,3523.7,Best sol.,3619.5,3526.3,3573.3,3573.3,3525,3524.3,3523.7
263,C2_4_5,PI,0.188638871,0.08506274,0.077148678,0.021010846,0.009708835,0.005293212,0.011385916
264,3923.2,Best sol.,3927.5,3923.2,3923.2,3923.2,3923.2,3923.2,3923.2
265,C2_4_6,PI,0.084357613,0.010473549,0.019191994,0.024814375,0.002589627,0.005469032,0.005982325
266,3860.1,Best sol.,3860.2,3860.1,3860.1,3860.1,3860.1,3860.1,3860.1
267,C2_4_7,PI,0.161671079,0.017974551,0.058027907,0.365942668,0.016771028,0.012633555,0.010141869
268,3870.9,Best sol.,3870.9,3870.9,3870.9,3870.9,3870.9,3870.9,3870.9
269,C2_4_8,PI,0.314812267,0.226186083,0.355342648,0.559074289,0.221287954,0.12410363,0.024075444
270,3773.7,Best sol.,3780.5,3780.5,3782.9,3780.5,3780.5,3773.7,3773.8
271,C2_4_9,PI,0.701966334,0.046351998,0.600267102,0.299741725,0.012410442,0.219766718,0.019536384
272,3842.1,Best sol.,3863.7,3842.1,3843.2,3844,3842.1,3849.8,3842.1
273,R1_4_10,PI,0.955087327,1.788724673,1.420357539,0.794218507,0.573981959,0.326798037,0.029600739
274,8086.4,Best sol.,8154.5,8198,8189,8138.8,8098.9,8103,8081.9
275,R1_4_1,PI,0.187789475,0.403359977,0.201036417,0.282805184,0.095122472,0.099025527,0.032491252
276,10305.8,Best sol.,10313.8,10335,10315.6,10313.8,10313.9,10314,10305.8
277,R1_4_2,PI,0.3611303,1.107971917,0.60914547,1.240898474,0.17202325,0.069838769,0.05445744
278,8876.4,Best sol.,8893.5,8949.5,8904.5,8967.2,8881.4,8875.7,8876
279,R1_4_3,PI,0.842051374,1.240122381,0.824779842,1.117315241,0.319935041,0.508404008,-0.080577039
280,7802.8,Best sol.,7859.9,7888.1,7845.3,7879,7809.8,7832.6,7790.2
281,R1_4_4,PI,1.236480564,1.969822524,0.872676409,1.218433164,0.56075618,0.967224579,0.02651474
282,7269,Best sol.,7348.9,7360.9,7313.9,7342.8,7278.9,7312,7266.2
283,R1_4_5,PI,0.528586466,0.820969639,0.246752631,0.214034489,0.266110745,0.107784053,0.044030752
284,9188.6,Best sol.,9229.6,9255.6,9197.2,9203.3,9208.3,9197.2,9190.3
285,R1_4_6,PI,0.895714676,0.917647923,0.956648487,1.631888895,0.536049937,0.636083481,0.319398109
286,8340.4,Best sol.,8407.4,8398.2,8392.8,8458.2,8378.2,8384.8,8362.1
287,R1_4_7,PI,0.607292508,1.453250798,1.448780421,0.787303148,0.68216958,1.223705869,0.038767124
288,7602.8,Best sol.,7638.1,7693.7,7689.1,7654.2,7631.8,7652,7603.4
289,R1_4_8,PI,0.949495363,1.314671211,0.99589756,0.46622066,0.640914136,0.947514122,-0.036351591
290,7255.8,Best sol.,7317.2,7348.5,7291.1,7278,7276.6,7293.1,7247.6
291,R1_4_9,PI,0.46465472,1.118615637,0.995410948,0.735617759,0.491871603,0.681818464,0.08191483
292,8680.6,Best sol.,8707.4,8765.2,8746.6,8728.1,8716.2,8710.9,8680.7
293,R2_4_10,PI,1.348597424,1.825004359,0.774967095,0.324649824,0.663452538,0.408816675,0.256342035
294,5645.9,Best sol.,5715.6,5726.2,5678.4,5662.5,5668.8,5662.5,5657.7
295,R2_4_1,PI,1.172749,0.974189793,0.240746187,0.172859594,0.343636128,0.210080891,0.025958287
296,7520.7,Best sol.,7596.1,7562.5,7529.6,7529.7,7534,7532.5,7520.7
297,R2_4_2,PI,0.59031158,0.562990601,0.662757677,0.081998254,0.451032771,0.115565469,0.022696814
298,6482.8,Best sol.,6501.9,6502.1,6498.1,6482.8,6488.4,6488.3,6482.8
299,R2_4_3,PI,0.66364332,1.001635189,0.892015659,0.014147125,0.294685479,0.04973495,0.034713834
300,5372.9,Best sol.,5401.2,5414,5396.4,5372.9,5378.1,5372.9,5372.9
301,R2_4_4,PI,1.229753261,0.531611224,1.294917832,0.427564178,0.271983947,0.286672169,0.104259309
302,4211.2,Best sol.,4256.3,4226.3,4251,4227.4,4213.7,4220.5,4213.7
303,R2_4_5,PI,1.279432255,0.924323795,0.899979323,0.455092332,0.323668985,0.629648793,0.025752765
304,6567.9,Best sol.,6646.6,6597.8,6596.2,6595.7,6581.3,6601.4,6567.9
305,R2_4_6,PI,1.054899193,1.165107178,1.135374569,0.212664366,0.18185667,-0.04065883,-0.05692152
306,5818.3,Best sol.,5872.5,5861.3,5866.4,5827,5818.3,5813.5,5813.5
307,R2_4_7,PI,1.38892547,1.111580197,0.82100376,0.214755553,0.132752664,0.059416439,0.024100658
308,4893.5,Best sol.,4955.5,4939.6,4902.2,4893.5,4893.5,4893.5,4893.5
309,R2_4_8,PI,0.977146408,1.012269594,0.797689904,0.610585664,0.294867818,0.257670537,0.132735737
310,4001,Best sol.,4036.4,4024.3,4026.8,4020.7,4007.5,4007,4004.8
311,R2_4_9,PI,1.371561335,0.57304947,0.425983121,0.32556403,0.419461639,0.199561659,0.077128086
312,6067.8,Best sol.,6141.5,6076.6,6078.5,6080.5,6080,6067.8,6067.8
313,RC1_4_10,PI,0.525974432,1.639485716,0.83957577,0.746924149,0.545462501,0.391076619,0.085651064
314,7585.3,Best sol.,7617,7694.7,7629.9,7630.6,7609.2,7598.8,7589
315,RC1_4_1,PI,0.524958337,0.887273619,0.768246263,0.906514927,0.410137541,0.104831367,0.024312154
316,8524,Best sol.,8557.4,8559.6,8578.4,8583.3,8551.6,8526.9,8524
317,RC1_4_2,PI,0.987715552,1.095716653,1.117768937,1.21879904,0.62008382,0.568102662,0.091138554
318,7884.9,Best sol.,7955.9,7960.5,7963.4,7970.7,7924.7,7904.7,7879.4
319,RC1_4_3,PI,0.920840788,1.530541002,0.963937349,1.126419131,0.724012021,0.632496637,0.012932239
320,7516.9,Best sol.,7580,7614.2,7562.6,7596.6,7563.1,7545.7,7516.9
321,RC1_4_4,PI,1.063926235,1.147140547,0.427256031,0.222744915,0.175985768,0.8427925,0.012336145
322,7295.3,Best sol.,7361.5,7359.6,7308.6,7307.9,7305.6,7333.4,7293.7
323,RC1_4_5,PI,0.684399042,1.361176026,1.041441401,0.885388219,0.63979817,0.484302021,-0.1619199
324,8172.4,Best sol.,8213.5,8257.9,8226.3,8230.4,8205.1,8195.3,8154.6
325,RC1_4_6,PI,0.616171483,1.302915821,1.171977427,1.057256269,0.735615983,0.541058571,0.052299055
326,8148.7,Best sol.,8186.5,8248.5,8220,8201.5,8196.5,8182.4,8148
327,RC1_4_7,PI,1.078984589,1.539365919,0.536743734,0.550796681,0.553433991,0.672842104,0.007569575
328,7935.4,Best sol.,8013.3,8035.9,7948.5,7964.2,7965.2,7952.9,7932.5
329,RC1_4_8,PI,0.984224455,1.254074323,0.91921901,0.962262393,0.558460613,0.328322807,0.048785673
330,7765.7,Best sol.,7833.9,7845,7828,7833.4,7788.2,7783.9,7765.7
331,RC1_4_9,PI,1.03078463,1.301268298,0.717396487,0.845219425,0.635738976,0.673826956,0.091002887
332,7722.8,Best sol.,7794.8,7813.5,7760.6,7781.6,7758.6,7759.1,7723
333,RC2_4_10,PI,0.934424766,1.024664967,0.968887961,1.522758916,0.843797207,0.70026996,0.064153926
334,4252.3,Best sol.,4287.4,4284.3,4272.9,4304.5,4272.9,4276.1,4252.3
335,RC2_4_1,PI,0.090920811,0.233154969,0.222116707,0.14947829,0.013022751,0.053594973,0.01928036
336,6147.3,Best sol.,6147.3,6157,6150.8,6150.8,6147.3,6147.3,6147.3
337,RC2_4_2,PI,0.12201545,0.147190391,0.232756005,0.046052414,0.038602684,0.018297257,0.01731149
338,5407.5,Best sol.,5407.5,5407.7,5407.5,5407.5,5407.5,5407.5,5407.5
339,RC2_4_3,PI,0.25109693,0.151183573,0.835184087,0.047842737,0.059980678,0.110233703,0.03285196
340,4573,Best sol.,4578.5,4576.3,4602.4,4573,4573,4573,4573
341,RC2_4_4,PI,0.272321625,0.072123758,1.030437254,0.126387514,0.050374448,0.059967101,0.018829771
342,3597.9,Best sol.,3604,3597.9,3631.4,3601.6,3597.9,3597.9,3597.9
343,RC2_4_5,PI,0.800216209,0.288045384,0.648915989,0.467790801,0.064859786,0.025857316,-0.065253715
344,5396.9,Best sol.,5434,5398.4,5426.3,5420.1,5394.7,5396.9,5392.3
345,RC2_4_6,PI,0.018112743,0.450828249,0.049102262,0.136287548,-0.052271338,-0.041274293,-0.113268975
346,5332,Best sol.,5328.4,5343.8,5332,5338.3,5328.1,5328.4,5324.6
347,RC2_4_7,PI,0.64115419,0.761992062,0.412718242,0.502599367,0.020119849,0.102241738,0.023461943
348,4987.8,Best sol.,5016.1,5004.1,4999.5,5012.2,4987.8,4990.9,4987.8
349,RC2_4_8,PI,1.156590825,1.00856715,0.847834882,0.492638366,0.063631649,-0.038114516,-0.238368258
350,4706.7,Best sol.,4756.2,4747,4717.8,4728.5,4703.1,4697.4,4693.3
351,RC2_4_9,PI,0.1684205,0.670427126,0.963770708,0.956687398,0.500889032,0.373891773,0.068594944
352,4510.4,Best sol.,4513.8,4533.4,4527.9,4534.7,4524.9,4524.3,4511
353,C1_6_10,PI,0.272246634,0.280660409,0.696346711,0.265290292,0.094530835,0.061018412,0.055737519
354,13636.5,Best sol.,13659.2,13638.6,13716.7,13656.1,13643.7,13638,13636.6
355,C1_6_1,PI,0.070623002,0.020931818,0.003523123,0.002313889,0.001075283,0.006314921,0.001282066
356,14076.6,Best sol.,14076.6,14076.6,14076.6,14076.6,14076.6,14076.6,14076.6
357,C1_6_2,PI,0.077189972,0.056446689,0.04127584,0.087851035,0.036576462,0.009974335,0.037007833
358,13948.3,Best sol.,13948.3,13953,13953,13953,13953,13948.3,13953
359,C1_6_3,PI,0.117170357,0.116308671,0.206005327,0.267786296,0.028744149,0.022745523,0.216874562
360,13757,Best sol.,13757.2,13757.2,13775.9,13775.9,13757,13757,13778.8
361,C1_6_4,PI,0.192866527,1.533932358,0.13702025,0.193772901,0.036066796,0.05758143,0.069180366
362,13572.2,Best sol.,13584.7,13659.2,13573.8,13592,13573.1,13547.1,13563.3
363,C1_6_5,PI,0.071816516,0.014402426,0.003226655,0.002904236,0.000768564,0.006723234,0.00057213
364,14066.8,Best sol.,14066.8,14066.8,14066.8,14066.8,14066.8,14066.8,14066.8
365,C1_6_6,PI,0.074708639,0.012526255,0.002029865,0.003091436,0.002667534,0.007774023,0.003230055
366,14070.9,Best sol.,14070.9,14070.9,14070.9,14070.9,14070.9,14070.9,14070.9
367,C1_6_7,PI,0.072575123,0.051278686,0.009746467,0.003249432,0.001596778,0.011194661,0.013185323
368,14066.8,Best sol.,14066.8,14066.8,14066.8,14066.8,14066.8,14066.8,14066.8
369,C1_6_8,PI,0.106744666,0.117392662,0.059706834,0.269586393,0.035154146,0.061291166,0.020555676
370,13991.2,Best sol.,13992,13997,13997,13999.8,13992,13997,13992
371,C1_6_9,PI,0.123967133,0.146805737,0.064623119,0.334745366,-0.032572741,-0.140969784,-0.045833928
372,13701.5,Best sol.,13706.2,13709.8,13707.6,13707.6,13695.2,13664.5,13664.5
373,C2_6_10,PI,0.352555592,0.50875833,1.487193546,1.087888851,0.25421534,0.207514113,0.088613234
374,7123.9,Best sol.,7140.5,7141.5,7166.2,7144.6,7139,7131.5,7128
375,C2_6_1,PI,0.10395078,0.570298324,0.140137952,0.037027664,0.022786647,0.007308676,0.021707304
376,7752.2,Best sol.,7752.2,7791.3,7752.2,7752.2,7752.2,7752.2,7752.2
377,C2_6_2,PI,0.12618718,0.14290439,0.951540673,0.866062138,0.015165916,0.014515447,0.021433498
378,7471.5,Best sol.,7471.5,7471.7,7533.5,7532.9,7471.5,7471.5,7471.5
379,C2_6_3,PI,0.266287921,0.637610068,3.553656746,1.645959403,0.081782705,0.052188343,0.04624215
380,7215,Best sol.,7226.7,7222.5,7387.3,7296,7215,7215.7,7216.1
381,C2_6_4,PI,2.097859745,0.874333251,4.440493924,1.061223223,0.332767775,0.52919857,0.183136746
382,6877.8,Best sol.,7014.7,6923.5,7088,6900.4,6891.1,6891.1,6881.2
383,C2_6_5,PI,0.918005973,0.512747567,1.151667027,0.239790792,0.020243585,0.055558586,0.015462734
384,7553.8,Best sol.,7616.1,7553.8,7610.3,7553.8,7553.8,7553.8,7553.8
385,C2_6_6,PI,0.630614215,0.724651981,1.037080806,0.712806405,0.101742308,0.027236833,0.046936367
386,7449.8,Best sol.,7490.4,7492.4,7493.5,7490.4,7455.4,7449.8,7451.8
387,C2_6_7,PI,0.476613135,0.532232646,3.212065316,1.570484676,0.17545188,0.310816,0.13016947
388,7491.4,Best sol.,7520,7519.9,7725.1,7602.5,7499.4,7511.2,7497
389,C2_6_8,PI,0.30880221,0.301799855,2.055307389,0.333733335,0.206696588,0.049083203,0.023551549
390,7303.7,Best sol.,7319.5,7319.5,7429.6,7319.5,7315.3,7304.2,7303.7
391,C2_6_9,PI,0.354731971,0.364704157,1.955646702,1.616564957,0.191015924,0.045827503,0.025127237
392,7303.2,Best sol.,7321.4,7321.3,7424.6,7321.3,7313.2,7303.2,7303.2
393,R1_6_10,PI,0.950161815,2.133811894,1.994138834,1.025577619,0.586598081,1.268493727,0.036157171
394,17648.1,Best sol.,17768.6,17920.8,17960.8,17794.1,17679.3,17740.4,17603.2
395,R1_6_1,PI,0.410533822,2.574664253,0.34716179,0.695121305,0.387817111,0.647329446,0.294515922
396,21274.2,Best sol.,21311.8,21616.4,21311.9,21357.3,21311.2,21286.7,21312.5
397,R1_6_2,PI,0.833682719,3.40371746,1.38029471,1.058289523,0.28343913,2.078188291,0.372098966
398,18571.7,Best sol.,18682.6,19138.8,18807.9,18703.4,18578.1,18796.6,18579.2
399,R1_6_3,PI,0.729030207,4.502017596,2.549017487,0.774516144,0.716019275,2.378428439,0.401151795
400,16940.7,Best sol.,17030,17555.1,17299.9,17006.4,16983.3,17283.2,16965.5
401,R1_6_4,PI,0.849731364,4.446660576,1.744689595,0.620182703,1.051862979,2.957551904,0.371639467
402,15773.6,Best sol.,15866.2,16347.8,16019.2,15812.9,15925.5,16200.9,15817.7
403,R1_6_5,PI,0.846250994,2.235011079,2.049682309,1.328711823,0.67891463,1.080138278,0.21715612
404,19305.7,Best sol.,19409.7,19644.1,19646.3,19504.4,19369.4,19408,19322.6
405,R1_6_6,PI,1.365018859,3.42199671,2.015974159,1.505178711,0.742050805,3.5617492,0.277577132
406,17790.2,Best sol.,17993.3,18359.7,18089.2,18002.1,17818.3,18351.1,17790.3
407,R1_6_7,PI,0.878834975,3.06281677,2.408124452,1.250209924,0.949967759,3.797648535,0.112442473
408,16537.2,Best sol.,16655,16945.5,16846.5,16723.3,16615.4,17083.3,16533.7
409,R1_6_8,PI,0.743421674,3.645050827,0.895027979,1.132234488,1.24413414,3.602133198,0.126198743
410,15617.3,Best sol.,15686.4,16142.5,15678.6,15718.5,15742.4,16032.3,15609.9
411,R1_6_9,PI,0.743855636,2.122562916,0.995634939,0.735657803,0.527191542,1.63672998,0.314504705
412,18510,Best sol.,18601.7,18749,18651.4,18578.6,18537.6,18627.6,18521.5
413,R2_6_10,PI,2.182055147,2.197622429,1.444674846,0.46345349,0.629544775,0.689771129,0.222890279
414,11851.6,Best sol.,12085.2,12005.6,11974.8,11890.3,11859.3,11855.1,11852.9
415,R2_6_1,PI,2.803690479,2.368294104,0.578252085,0.128678287,0.95016329,0.861338883,0.117715531
416,15145.3,Best sol.,15528.6,15404.6,15180.8,15158.5,15154.8,15206.5,15145.3
417,R2_6_2,PI,2.503317569,2.665492207,0.30146284,0.168792585,0.443193423,0.79483603,0.197363753
418,12986.9,Best sol.,13291.2,13185.2,13002.9,13003.7,13009.3,13053.6,12998.4
419,R2_6_3,PI,1.122089218,2.583235996,1.340442837,0.149346361,0.524537674,0.595245187,0.209219219
420,10455.3,Best sol.,10560.9,10622.8,10568.8,10467.2,10465.4,10485.9,10467.2
421,R2_6_4,PI,1.60928087,1.500473023,2.438938893,0.700271703,0.451285771,0.75424637,-0.203030431
422,7940.3,Best sol.,8056.7,8016.4,8054.4,7986.5,7945,7962.6,7915.1
423,R2_6_5,PI,2.384011676,3.262200903,1.392271605,0.408301167,0.709690259,0.820925484,0.074045169
424,13809.7,Best sol.,14104.1,14138.6,13973.4,13856.9,13837.6,13869.3,13803.7
425,R2_6_6,PI,2.432716237,3.18765594,1.544757137,0.199638955,0.817266825,0.751177749,0.339013581
426,11849.1,Best sol.,12115,12100.7,11973.8,11868.5,11905.9,11871.2,11868
427,R2_6_7,PI,2.431246014,2.260359663,1.572142604,0.296197349,0.00031365,0.122519286,-0.014669623
428,9811,Best sol.,10040.5,9972.9,9953.3,9810.4,9786.6,9791.2,9786.4
429,R2_6_8,PI,1.978197947,2.591151816,2.612217768,0.967321739,1.184032412,1.700957905,0.184874294
430,7512.3,Best sol.,7645.6,7631.6,7676.9,7574.9,7534.6,7534.1,7512.3
431,R2_6_9,PI,0.888302187,2.422019306,1.263368042,0.408884594,0.483207344,0.468408301,0.150348687
432,12741.9,Best sol.,12827.4,13019.2,12817.6,12776.9,12778.9,12750.3,12744
433,RC1_6_10,PI,1.622695495,3.367672112,2.343856086,1.433080132,1.061291265,2.914227624,0.698591194
434,15672.8,Best sol.,15885.6,16167,15991.6,15850.3,15803.7,16070.5,15737.1
435,RC1_6_1,PI,1.397371359,2.081237787,1.77536064,1.056306919,0.589059947,1.452579041,0.132809754
436,16981.3,Best sol.,17175.3,17229.1,17126.9,17108.9,17053.5,17086.2,16961.1
437,RC1_6_2,PI,0.881337727,1.908050707,1.46344765,1.547169705,0.411241008,1.944684077,0.041626916
438,15982.6,Best sol.,16094.2,16200.4,16150.3,16140.1,16001.2,16113.2,15968
439,RC1_6_3,PI,1.090062232,2.801431822,1.993714555,1.122823649,0.85900878,3.300385271,0.025570616
440,15232.1,Best sol.,15377,15554.3,15429.1,15371.3,15333.7,15568.9,15216.3
441,RC1_6_4,PI,1.165440532,2.131462154,0.984553918,1.150354228,0.886782545,3.805485537,0.127884288
442,14778.2,Best sol.,14929.2,15026.4,14860.8,14896.6,14887.9,15136.5,14775.2
443,RC1_6_5,PI,1.036531944,3.946842732,2.17722533,1.255003378,0.843140633,2.354586741,0.310717156
444,16580.4,Best sol.,16703.7,17022.7,16826.7,16695,16659.8,16764.9,16597.4
445,RC1_6_6,PI,1.080175525,2.479143037,1.972656693,1.224420022,0.776199797,1.944818079,0.190937316
446,16534.9,Best sol.,16672.2,16882,16771.1,16678.8,16621.9,16709.7,16546.8
447,RC1_6_7,PI,1.881960283,3.011501539,2.743456698,1.120553796,0.708183312,2.617001501,0.276805062
448,16091.3,Best sol.,16349.6,16464.1,16339.6,16183.7,16166.5,16296.5,16084.3
449,RC1_6_8,PI,0.915360776,2.70836525,1.361888024,1.262486165,0.930621271,1.92491731,-0.012070887
450,15955.9,Best sol.,16051.1,16253.1,16089.7,16131.8,16043.4,16186,15930.8
451,RC1_6_9,PI,1.612048551,2.781650963,2.190955821,1.66498673,1.185337068,1.822303967,0.019586737
452,15837.5,Best sol.,16049.3,16233.8,16092.8,16051,15986.2,15997.4,15810.8
453,RC2_6_10,PI,1.506641277,1.106334636,0.960189498,0.781342435,0.48483667,0.137919945,-0.217503319
454,9014.8,Best sol.,9136.2,9089,9063.4,9075.6,8989.9,9011.5,8976.1
455,RC2_6_1,PI,0.217019403,0.886743338,0.241976509,0.066478936,0.227346905,-0.036108745,-0.037567634
456,11979.3,Best sol.,11984.6,12051.5,11999,11979.3,11989.7,11966.1,11966.1
457,RC2_6_2,PI,0.807727204,1.163964752,1.150616891,0.390407453,0.455018,0.216606532,0.337081741
458,10336.9,Best sol.,10407.1,10419.1,10393,10336.9,10375.7,10354.2,10346.3
459,RC2_6_3,PI,0.704816653,0.941009514,1.514082456,0.205220389,0.204665173,0.070357522,0.078005514
460,8894.9,Best sol.,8948.9,8938,8988.3,8909,8895.2,8895.2,8896.3
461,RC2_6_4,PI,2.679659143,1.255181545,3.34028647,0.491056569,0.298068055,0.168804651,-0.196040216
462,6989.4,Best sol.,7169.2,7027.7,7073.2,7000.4,6985,6979.6,6967.5
463,RC2_6_5,PI,0.856030932,1.341286202,0.880815511,0.704323962,0.296021559,0.084380213,0.044839226
464,11082.5,Best sol.,11156.1,11195.8,11148.5,11139.3,11080.7,11080.7,11080.7
465,RC2_6_6,PI,1.073616876,1.088064742,0.995297752,0.28881936,0.268113073,0.119537365,-0.044250273
466,10843.1,Best sol.,10940,10932,10929.1,10862.9,10862.6,10830.5,10830.5
467,RC2_6_7,PI,0.308304789,0.545657578,1.490183224,0.365799716,0.119698595,-0.02447486,-0.038043156
468,10310.9,Best sol.,10327.7,10347.6,10418.2,10325.5,10308.6,10293.4,10293.4
469,RC2_6_8,PI,0.83268843,0.744266087,1.420632486,0.274608467,0.06083335,-0.003141931,0.148769125
470,9820,Best sol.,9887.4,9872.1,9896,9843.9,9814.7,9807.8,9816.2
471,RC2_6_9,PI,0.462012405,0.673739952,1.344199705,0.317346399,0.469512132,0.299029394,0.023969106
472,9449.4,Best sol.,9479.2,9489.9,9531.5,9468.7,9472.2,9445.7,9436
473,C1_8_10,PI,0.769664522,2.950266054,1.421620143,1.365453785,0.388953341,0.386599126,0.180627919
474,24030.4,Best sol.,24158.6,24580.2,24222.4,24198.7,24098.8,24081.7,24046.3
475,C1_8_1,PI,0.070908632,0.011717774,0.004069537,0.004969612,0.002489412,0.007578211,0.00057977
476,25156.9,Best sol.,25156.9,25156.9,25156.9,25156.9,25156.9,25156.9,25156.9
477,C1_8_2,PI,0.117214541,0.077036143,0.211464001,0.35125566,0.090101471,0.064027042,0.118339578
478,24974.1,Best sol.,24975.4,24974.1,25013.9,25060.4,24993.5,24976.6,25001.1
479,C1_8_3,PI,1.161684586,1.120247491,1.047753014,1.55182763,0.574896206,0.495792742,0.112263217
480,24198.9,Best sol.,24449.2,24346.1,24435.9,24483.4,24292.6,24288.3,24202.5
481,C1_8_4,PI,0.405377648,2.649892448,0.965094388,0.79623471,0.305104215,0.535592513,0.243449252
482,23812.7,Best sol.,23864.6,24195.6,23969.9,23878.5,23853.8,23884.3,23854.2
483,C1_8_5,PI,0.073626594,0.01991576,0.007918574,0.006136869,0.002674402,0.010685342,0.000945614
484,25138.6,Best sol.,25138.6,25138.6,25138.6,25138.6,25138.6,25138.6,25138.6
485,C1_8_6,PI,0.076788758,0.006033795,0.011190078,0.006384566,0.002921025,0.011921806,0.003358978
486,25133.3,Best sol.,25133.3,25133.3,25133.3,25133.3,25133.3,25133.3,25133.3
487,C1_8_7,PI,0.074639831,0.594561669,0.005703184,0.006715432,0.002473814,0.01718445,0.028117588
488,25127.3,Best sol.,25127.3,25127.3,25127.3,25127.3,25127.3,25127.3,25127.3
489,C1_8_8,PI,0.192432664,0.419413594,0.361956207,0.291026284,0.048296985,-0.052695832,-0.043110484
490,24882.5,Best sol.,24894.8,24957.7,24948.4,24910.1,24881.4,24859,24859.3
491,C1_8_9,PI,0.41968928,1.686394912,1.164345072,1.229292524,0.543350814,0.331036399,0.173610086
492,24200.4,Best sol.,24255.9,24470.5,24441.3,24317.5,24296.5,24233.5,24208.4
493,C2_8_10,PI,2.655611462,4.154052179,5.027834761,1.37030546,0.289637607,0.146964889,0.075512639
494,10946,Best sol.,11214.6,11253.6,11312.6,11079.8,10955.9,10950.2,10946.7
495,C2_8_1,PI,0.092254992,0.192185321,0.18975053,0.020889907,0.030416537,0.013932313,0.017471424
496,11631.9,Best sol.,11633.7,11638,11631.9,11631.9,11631.9,11631.9,11632.7
497,C2_8_2,PI,0.094702442,0.621331124,1.10608088,0.094964543,0.109235306,0.034963235,0.03831685
498,11394.5,Best sol.,11395.5,11396.5,11395.2,11394.5,11395.4,11396.2,11394.6
499,C2_8_3,PI,1.472315119,2.175440583,6.314707153,1.610255231,0.205704696,0.079925652,0.044185776
500,11138.1,Best sol.,11284.6,11176.5,11771.9,11269.6,11141.3,11138.3,11138.1
501,C2_8_4,PI,1.413320764,2.927268024,3.581536411,1.69051273,0.404150558,0.308133959,-0.087591875
502,10682.8,Best sol.,10805.1,10894.8,11005.3,10790.9,10697.6,10661.8,10659.7
503,C2_8_5,PI,0.222632619,0.442061238,2.245108723,0.135607145,0.170920038,0.032055586,0.023636323
504,11395.6,Best sol.,11407.6,11411.2,11395.6,11395.6,11406.9,11395.6,11395.6
505,C2_8_6,PI,0.189372257,0.40767545,4.111320551,0.439147517,0.084668507,0.135209285,0.046237709
506,11316.3,Best sol.,11316.3,11324.3,11730.4,11316.3,11319.1,11319.3,11317.8
507,C2_8_7,PI,1.249951989,1.448103432,4.335057295,0.287949504,0.243390194,0.084637559,0.049151169
508,11332.9,Best sol.,11454.7,11333.7,11606.8,11339.2,11336.1,11332.9,11334.2
509,C2_8_8,PI,1.615294386,1.826539765,5.47199032,0.39102957,0.385301896,0.10644655,0.034266008
510,11133.9,Best sol.,11301,11161.3,11700,11150,11166.5,11133.9,11133.9
511,C2_8_9,PI,1.322841728,1.932063272,4.230256029,0.750585661,0.235164883,0.055730269,0.041228048
512,11140.4,Best sol.,11273.6,11243.2,11556.6,11142.8,11145.3,11140.4,11140.4
513,R1_8_10,PI,1.299319515,4.303603859,2.767364531,1.363386174,1.340614298,1.336231317,0.536716337
514,31059.8,Best sol.,31301.6,32273.5,31796.6,31373.5,31313,31437,31138.4
515,R1_8_1,PI,0.978219164,4.834712164,1.291318454,0.751846051,0.426220368,0.514057395,0.529456605
516,36393.3,Best sol.,36602.9,37781.2,36803,36537.7,36467.6,36538.9,36465
517,R1_8_2,PI,1.340875678,5.171729864,2.762214467,1.615310981,0.62486821,1.515379374,0.751392702
518,32352.3,Best sol.,32625.6,33862.4,33200.7,32776,32411.1,32739,32473.8
519,R1_8_3,PI,1.231150842,5.631679321,2.995188942,1.088058813,1.025652478,2.436983439,0.545584584
520,29429.1,Best sol.,29650.3,30924.6,30260.1,29628.3,29589.2,30026.8,29510.1
521,R1_8_4,PI,1.458982608,4.917411957,1.75066698,1.124813402,1.299384006,3.076675216,0.130642867
522,27844.4,Best sol.,28094,29085.7,28279.3,27998.9,28089.4,28469.9,27836.1
523,R1_8_5,PI,1.163834152,2.460968318,1.714161284,1.080964862,0.442065516,0.945863394,0.294400776
524,33640,Best sol.,33872.3,34406.3,34185.8,33915.8,33670.6,33757.2,33658.8
525,R1_8_6,PI,1.391798047,4.127841177,2.744804498,1.435370425,1.210075138,2.10536244,0.482154981
526,30989.5,Best sol.,31280.7,32199.6,31745.4,31312.5,31159.4,31390.6,31027.6
527,R1_8_7,PI,1.06235787,4.708647608,2.88288484,1.29698639,1.121758513,2.908374539,0.365668902
528,28954.7,Best sol.,29110.6,30052,29719.7,29239.5,29192.9,29525.7,29015.6
529,R1_8_8,PI,1.313870948,5.069319838,1.862125255,0.98351643,1.297220043,2.898458294,0.122296043
530,27715.8,Best sol.,27913.2,28991.2,28083,27893.9,27876.8,28310.8,27684.7
531,R1_8_9,PI,1.26070987,3.75934683,2.360254201,1.1127491,1.114575926,1.298865186,0.485661397
532,32381.1,Best sol.,32639.4,33515.4,33042.4,32570.8,32610,32715.4,32419.7
533,R2_8_10,PI,1.825879942,2.907680411,1.933076048,0.42658439,0.991985025,0.309044557,0.141608354
534,20016.5,Best sol.,20347.1,20409,20305.6,20065.3,20056.7,20041.5,20007.8
535,R2_8_1,PI,2.216787039,3.412112821,0.848658157,0.314025392,0.961512545,0.371408342,0.206724827
536,24986.8,Best sol.,25461.3,25391.3,25036.4,25044.7,25084.1,25027.7,24998.9
537,R2_8_2,PI,1.328113435,2.216544211,1.129932437,0.228083808,0.266133835,0.294206477,0.472889483
538,21330.2,Best sol.,21556.4,21712.8,21515.1,21360.4,21322.4,21359.5,21384.2
539,R2_8_3,PI,1.983027678,3.947358052,2.244376125,0.509348473,0.558589854,0.640452628,0.2667555
540,17238.1,Best sol.,17556.3,17596.6,17444.1,17291.5,17266,17306,17237.8
541,R2_8_4,PI,1.593159611,2.25555609,4.243853688,0.610964699,1.421514249,1.885062217,0.553473924
542,13198.4,Best sol.,13391.7,13346,13525.3,13239.8,13277.2,13297.1,13245
543,R2_8_5,PI,1.671539214,3.186178063,1.388252839,0.248526424,0.702517504,0.448199306,0.166536137
544,22802,Best sol.,23112.3,23213,23038.4,22829.5,22826.5,22846.7,22808.2
545,R2_8_6,PI,1.480113959,3.242852963,2.193368775,0.31810848,0.650574129,0.428251349,0.363256023
546,19754.5,Best sol.,19998.1,20321.8,19990.5,19794.9,19774,19771,19786
547,R2_8_7,PI,1.484644739,1.85483652,1.980578424,0.167425549,0.734811412,0.310721419,0.357012751
548,16400.3,Best sol.,16609.4,16661.5,16616.8,16403.2,16426.7,16415.5,16430.6
549,R2_8_8,PI,2.290303196,2.671083798,3.694978719,0.974731173,2.044102666,2.564927784,0.115922543
550,12708.5,Best sol.,12979.8,12962.9,13027.6,12803.4,12815.3,12803.1,12700.5
551,R2_8_9,PI,1.761038954,3.627800984,1.735930899,0.187736433,1.500800016,0.53149581,0.214764862
552,21298.8,Best sol.,21616.5,21969,21565,21315.4,21510,21361.6,21294.1
553,RC1_8_10,PI,1.971901854,3.566932272,3.014043846,1.243083398,0.920338057,2.082721777,0.373974185
554,28210.7,Best sol.,28618.8,29169.5,29000.6,28449.5,28361.2,28684.5,28283.1
555,RC1_8_1,PI,1.600192926,2.350756496,2.995337354,1.777319472,0.953868912,1.099504908,0.234020939
556,30039.5,Best sol.,30359,30624,30874.7,30491.4,30223.5,30180.9,30058.9
557,RC1_8_2,PI,1.456226083,3.423748291,3.229976351,1.787548695,0.746454065,1.961283628,0.408588814
558,28363.3,Best sol.,28646,29283,29119.7,28774.8,28492.3,28785.6,28414.9
559,RC1_8_3,PI,1.461523171,3.920666965,2.618895317,1.023377402,1.287989611,2.543791599,0.174429615
560,27504.5,Best sol.,27790.6,28485.1,28063.3,27690.3,27730.1,27991.8,27516.2
561,RC1_8_4,PI,1.176633302,4.233606584,2.253190286,1.273727103,1.247959301,2.558416596,0.388843859
562,26595.4,Best sol.,26760.8,27614.9,27083.3,26805.5,26797.9,27103.9,26657.4
563,RC1_8_5,PI,1.839399239,3.420045537,2.493046829,1.420607479,0.744732594,0.988825275,0.213397992
564,29306.4,Best sol.,29707.3,30251.2,29909.3,29625,29423.9,29493.5,29327.6
565,RC1_8_6,PI,1.042706141,3.568168117,2.659012583,1.047715595,0.66170362,1.301633212,0.38239527
566,29247.1,Best sol.,29370.8,30151.9,29858.2,29429.1,29354.5,29520.7,29305.2
567,RC1_8_7,PI,1.598123734,3.875717364,2.63878787,1.463865677,0.730254769,1.655395827,0.264920368
568,28858.6,Best sol.,29154.8,29897.9,29532.8,29059.6,28956.7,29235.9,28858.9
569,RC1_8_8,PI,1.937430074,3.729975918,2.484977691,1.51856182,0.854597806,1.687853088,0.248007424
570,28505,Best sol.,28898.3,29444.5,28992,28846.3,28626.1,28820.4,28460.9
571,RC1_8_9,PI,1.630529608,3.727331011,3.024999804,1.556284265,1.064916119,2.091559597,0.433164648
572,28400.5,Best sol.,28696.2,29384.9,28964.5,28751.5,28614.4,28885.8,28465.1
573,RC2_8_10,PI,1.673446919,1.238363938,2.436817936,0.951543433,0.642469904,0.300273053,-0.234299011
574,14445.3,Best sol.,14665.4,14584.8,14665.8,14564.4,14483.3,14420,14376.2
575,RC2_8_1,PI,0.760080494,1.732669957,1.121030009,0.685478353,0.083319359,0.153577932,0.173082393
576,19213.2,Best sol.,19311.7,19476.3,19315.5,19265.2,19212.1,19205.1,19213.4
577,RC2_8_2,PI,0.857498043,1.017935296,1.780629223,0.416298341,0.224516648,0.10013647,0.087198099
578,16712,Best sol.,16828.2,16852.2,16918.6,16755.3,16717.3,16709.7,16711.1
579,RC2_8_3,PI,0.551421901,0.944292367,2.693858717,0.610340294,0.246928693,0.047525765,0.062286435
580,14046.1,Best sol.,14101.3,14124,14210.9,14123.8,14055.7,14016.2,14035.9
581,RC2_8_4,PI,2.465810735,1.557314394,5.011117094,1.514019611,1.295461925,0.817436903,0.089114822
582,11031.6,Best sol.,11291.1,11176.1,11541.2,11138.5,11069.3,11031.3,10981.2
583,RC2_8_5,PI,0.637498346,1.205281597,1.266697652,1.096181338,0.473477643,0.092083242,0.058829194
584,17493.3,Best sol.,17579.7,17660.9,17660,17666.9,17543.2,17479.5,17466.1
585,RC2_8_6,PI,1.00478311,2.037618526,1.274685359,0.015572114,0.063176557,0.220805629,0.069200096
586,17250.1,Best sol.,17396.6,17453,17322.7,17236,17229.2,17249.8,17210.6
587,RC2_8_7,PI,0.704858303,2.064659425,2.053144444,0.256737302,0.220733057,0.077790839,0.172070401
588,16445.4,Best sol.,16530.4,16680.5,16621.1,16450.7,16446.6,16396.5,16369.9
589,RC2_8_8,PI,0.61669533,1.247567456,1.878531042,1.04662577,0.776771528,0.527907214,0.049555987
590,15601.6,Best sol.,15660.2,15731.5,15795.1,15711.5,15690.9,15665.2,15591.2
591,RC2_8_9,PI,0.273076869,1.473753228,1.269979723,0.903590047,0.524831802,0.015369381,-0.161953987
592,15251.7,Best sol.,15270.4,15436.3,15371.6,15291.8,15266.2,15225.6,15206.2
593,C1_10_10,PI,1.993352466,3.754659282,2.05347124,1.681734591,0.968214204,0.792866209,0.849728714
594,39874.5,Best sol.,40536.7,41005.1,40512.9,40284.8,40150,40082.4,40149.5
595,C1_10_1,PI,0.036436588,0.029847685,0.009918085,0.004823837,0.002726946,0.007135145,0.000769253
596,42444.8,Best sol.,42444.9,42444.8,42444.8,42444.8,42444.8,42444.8,42444.8
597,C1_10_2,PI,1.885548975,1.620441885,1.631123444,1.652275275,0.254081403,0.121761285,0.059835173
598,41392.7,Best sol.,42157.8,41832.7,41886.8,42021.1,41442,41423.9,41386.4
599,C1_10_3,PI,1.079210987,2.474330487,1.515566682,1.49500704,0.561572,0.628449568,0.291030758
600,40146.2,Best sol.,40483.8,41022.3,40628.9,40549.2,40295.5,40293.8,40216.4
601,C1_10_4,PI,1.249741668,5.16443646,1.795024298,1.099159221,0.325370428,0.960490314,0.185523805
602,39490.9,Best sol.,39852.8,41414.4,40052.9,39815.4,39535,39730.3,39524.6
603,C1_10_5,PI,0.039258795,0.012910507,0.004669499,0.006037445,0.002593903,0.010670449,0.000744889
604,42434.8,Best sol.,42434.8,42434.8,42434.8,42434.8,42434.8,42434.8,42434.8
605,C1_10_6,PI,0.040455303,0.025245169,0.012276122,0.00630605,0.002765959,0.010453348,0.00218072
606,42437,Best sol.,42437,42437.1,42437,42437,42437,42437,42437
607,C1_10_7,PI,0.041183662,0.539882235,0.004496502,0.009516162,0.00312822,0.013796085,0.026086822
608,42420.4,Best sol.,42420.4,42420.4,42420.4,42420.4,42420.4,42420.4,42420.4
609,C1_10_8,PI,0.436838183,0.869172098,0.598668636,0.956873425,0.324542712,0.378071608,0.307813426
610,41837.8,Best sol.,41970.6,42111,42076,42068.6,41887.2,41934.3,41902.5
611,C1_10_9,PI,1.237948744,3.081425262,1.991535493,2.021558691,0.490569162,0.469187837,0.347193871
612,40366.7,Best sol.,40731.2,41501.3,41118.5,40903.2,40477.2,40510.4,40425.2
613,C2_10_10,PI,3.451715785,3.708593778,5.96032096,2.28182532,0.531882607,0.294409647,0.039875615
614,15728.6,Best sol.,16250.1,16199,16497.7,15947.6,15762.5,15756.3,15728.6
615,C2_10_1,PI,0.155466487,0.324730691,0.936858107,0.832839955,0.030283309,0.019324547,0.005470452
616,16841.1,Best sol.,16841.1,16844,16976.6,16976.6,16841.1,16841.1,16841.1
617,C2_10_2,PI,0.072262262,0.219728716,0.892259021,0.61280695,0.078234973,0.036231162,0.016228118
618,16462.6,Best sol.,16462.6,16464.1,16475.7,16462.6,16464.4,16464.6,16462.6
619,C2_10_3,PI,1.823108186,0.575086133,5.815593432,1.274985932,0.094217059,0.049662217,0.038644885
620,16036.5,Best sol.,16316.8,16076.7,16815.7,16050.6,16036.9,16037.1,16036.5
621,C2_10_4,PI,3.01206994,4.091329465,7.972508321,4.023492058,0.773826514,0.412579578,-0.072235464
622,15482.9,Best sol.,15910.6,15927.8,16563.8,16048.9,15527.4,15484.7,15463.6
623,C2_10_5,PI,0.392493049,0.425328646,1.649254703,0.363593447,0.235148241,0.165041275,0.032296992
624,16521.3,Best sol.,16537.3,16535.5,16679.9,16521.3,16551.1,16521.8,16521.3
625,C2_10_6,PI,1.140592175,0.735943111,2.984326127,0.322901891,0.07231483,0.097449808,0.028130713
626,16290.7,Best sol.,16439.1,16311.9,16742,16292,16292,16299.2,16290.7
627,C2_10_7,PI,2.428436616,2.484415471,2.597789163,1.108351764,0.229591921,0.152129726,0.025782783
628,16378.4,Best sol.,16746.7,16670.6,16663,16381.5,16384.5,16378.6,16378.4
629,C2_10_8,PI,1.753866102,0.983752379,6.063352832,0.279380715,0.136262982,0.170355064,0.041084472
630,16029.1,Best sol.,16282.1,16091.2,16918.2,16048.3,16034.3,16032.9,16029.8
631,C2_10_9,PI,3.185451242,2.184219427,4.842554044,1.158039751,0.401453573,0.1386569,0.045298912
632,16077,Best sol.,16564.5,16300.5,16748.3,16191.3,16099.2,16083.5,16075.6
633,R1_10_10,PI,1.695022665,5.008372588,2.882805433,1.338887066,2.092801604,2.288129691,0.502986491
634,47570.6,Best sol.,48063.8,49634.5,48883.4,47848.8,48297.1,48258.5,47690.5
635,R1_10_1,PI,1.16442324,4.929569855,1.417315399,0.765720533,0.39808688,0.915237528,0.616438637
636,53233.9,Best sol.,53632.2,54829.8,53920.7,53371.8,53328.3,53380.4,53341.7
637,R1_10_2,PI,1.635796191,6.229883508,2.706328683,0.947653874,1.206123484,2.120384632,0.778745849
638,48369.1,Best sol.,48880.3,51012.6,49645.6,48622.1,48663,49074.5,48513
639,R1_10_3,PI,1.260557774,5.792072363,2.97078725,1.296455081,1.620586023,2.309836904,0.532666133
640,44862.4,Best sol.,45124.7,47078.3,46049.3,45205.9,45276.3,45590.5,44999.1
641,R1_10_4,PI,1.539191112,5.218190309,2.304568154,1.185355576,1.688759226,3.415289164,0.348132629
642,42577.9,Best sol.,42893,44655.1,43538.3,42795.4,43155,43831.8,42625.9
643,R1_10_5,PI,1.619249033,3.84761881,2.355545964,1.342512052,0.804029451,1.246622041,0.507183108
644,50487.8,Best sol.,51016.7,51962,51524,50866.4,50675.9,50994.2,50596.5
645,R1_10_6,PI,1.697128643,3.953612527,2.729452693,1.503709293,1.072069917,2.261856074,0.602389108
646,47145.8,Best sol.,47634.1,48851.5,48408,47577.2,47423.4,47544.7,47276.2
647,R1_10_7,PI,1.091013021,5.109747313,2.968403422,0.942692421,1.444001738,2.829575815,0.105890776
648,44231.4,Best sol.,44393.4,46453,45479.9,44375.2,44673.8,45045.2,44174.8
649,R1_10_8,PI,1.567353088,5.06404834,2.126630439,0.952941378,1.520290605,3.005577003,0.433853376
650,42435.9,Best sol.,42760.4,44424.6,43314.1,42624.7,42942,43373.8,42451.6
651,R1_10_9,PI,1.834363862,4.480384129,2.691879788,1.26440304,0.965731346,1.713676903,0.363551419
652,49334.3,Best sol.,49934.9,51462.4,50577.6,49693,49453.9,50085.2,49417.9
653,R2_10_10,PI,1.828411189,3.091217427,2.902158971,0.504232454,0.489479812,0.145967373,0.084106935
654,29956.9,Best sol.,30459.2,30838.6,30644.9,30079,29976.7,29920.7,29882.3
655,R2_10_1,PI,2.155205354,3.260649937,1.86155313,0.387859026,0.801240702,0.471405194,0.223856787
656,36899.4,Best sol.,37493.1,37761.9,37499.9,37023,37049.2,36989.3,36891.3
657,R2_10_2,PI,2.608478239,4.142422199,1.902874492,0.278287368,1.006535245,0.28676694,0.498763768
658,31296.2,Best sol.,32016.6,32341.5,31680.1,31345.1,31358.2,31323.3,31384.7
659,R2_10_3,PI,1.936006643,2.38236579,3.238584668,0.719304624,0.758755065,0.377187682,0.237853331
660,24422.1,Best sol.,24866,24918.6,24941.8,24559.1,24473.6,24449.7,24429.7
661,R2_10_4,PI,1.467139497,2.263633093,4.546164634,0.673883196,1.346917969,1.851594918,-0.158582871
662,17968.1,Best sol.,18212.5,18209.7,18606.9,18039.5,17953.4,18205.2,17870.1
663,R2_10_5,PI,2.090123253,3.227391037,1.340111923,0.251450329,0.538118068,0.106254967,0.055293619
664,34233,Best sol.,34871.2,35099.6,34527.7,34270.8,34247.9,34208.4,34195.3
665,R2_10_6,PI,1.824132753,3.136977072,1.739492081,0.444074667,1.022524649,0.431620889,0.339063154
666,29215.3,Best sol.,29704.1,29990.7,29645,29314.6,29322.8,29259.9,29179.4
667,R2_10_7,PI,0.58114268,2.097401263,2.544663352,0.486983814,0.81755671,0.103501217,0.493447604
668,23243.8,Best sol.,23333.3,23593.8,23679,23319.6,23223.9,23187,23305.2
669,R2_10_8,PI,2.915054228,1.44167607,3.853189451,1.484389332,1.50595834,2.325389943,0.046558217
670,17512.7,Best sol.,18005,17694.6,18065,17688.8,17523.8,17740.8,17463.3
671,R2_10_9,PI,2.402614656,2.666101485,2.063215078,0.238529083,0.798653577,0.095686444,0.05520196
672,32104.9,Best sol.,32831.9,32886,32691.3,32147.1,32148.6,32060.6,32058
673,RC1_10_10,PI,1.976962905,4.50989195,2.229605996,1.036694182,1.026989208,2.07015435,-0.011292868
674,43745.6,Best sol.,44272.3,45523.4,44653.4,43990.2,44059.6,44429.8,43635.1
675,RC1_10_1,PI,2.097984269,3.799865291,2.522987752,1.225763984,1.08597822,1.406857791,0.400365991
676,45948.5,Best sol.,46670.6,47429.7,46992.6,46350.3,46196.1,46460.5,46047.3
677,RC1_10_2,PI,1.821537555,4.873772111,2.963639276,1.384105258,1.347778598,2.78026259,0.240906417
678,43870.6,Best sol.,44391.5,45976.8,45064.9,44291.5,44276.9,44725.3,43892.6
679,RC1_10_3,PI,1.903514937,4.949294977,2.674161334,1.141542883,1.301907881,2.682498028,0.3846729
680,42338,Best sol.,42840,44105.2,43442.2,42597,42708.7,43069.2,42311.1
681,RC1_10_4,PI,1.981952505,5.43435805,2.165518496,0.977002673,1.375065812,2.481340409,0.348384824
682,41469.2,Best sol.,41984.4,43540.1,42323.5,41666.6,41882.8,42126.8,41577.1
683,RC1_10_5,PI,2.535643461,4.400078127,2.652940282,1.412581079,1.131902274,1.771738471,0.50207111
684,45235.5,Best sol.,46111.8,47083,46304.8,45638.1,45498.6,45776.4,45349.6
685,RC1_10_6,PI,1.877026527,4.642647151,3.287918991,1.457786357,0.810811144,1.741908761,0.601229793
686,45144,Best sol.,45648.6,47198.1,46504.4,45474.8,45364.4,45612.2,45359.9
687,RC1_10_7,PI,2.050909158,5.048286103,2.935032684,1.144842464,0.757344466,2.202490323,0.137620565
688,44686.2,Best sol.,45266.2,46732.1,45967.3,44933.7,44823.6,45247.3,44657.9
689,RC1_10_8,PI,1.992009664,5.032383215,2.610425878,1.247165426,0.932481726,2.177587537,0.289330526
690,44130.8,Best sol.,44677.9,46143.8,45140.4,44458.6,44285.7,44800.8,44145.6
691,RC1_10_9,PI,2.371403508,5.081866925,2.98326833,1.63402391,0.69225089,2.409415382,0.301333497
692,44072.4,Best sol.,44783.6,46191.1,45274,44603.5,44098.2,44795.1,44087.3
693,RC2_10_10,PI,1.526331263,2.680973235,2.729747413,0.437953822,0.951147627,0.454298451,0.206482546
694,21848.3,Best sol.,22155.1,22249.1,22397.7,21928.3,21905.7,21900.7,21862.3
695,RC2_10_1,PI,0.812524563,1.547573682,2.269544118,0.607385792,0.467684845,0.421070758,0.163388356
696,28190.8,Best sol.,28335.7,28506,28594.5,28332.3,28276.1,28253.2,28192.1
697,RC2_10_2,PI,0.595200744,1.43593698,1.517886894,0.421142849,0.164455801,0.066810354,0.135488307
698,24271.7,Best sol.,24373.2,24417,24525.7,24298.5,24269,24257.1,24268.6
699,RC2_10_3,PI,0.421951788,1.011948767,2.892138591,0.465629588,0.003444658,-0.128036747,-0.310129046
700,19747.9,Best sol.,19796.8,19784.7,20208.9,19810.1,19697.1,19682,19665.6
701,RC2_10_4,PI,3.119682618,1.672239623,5.667005956,1.783089403,0.657664883,0.809605576,-0.137067546
702,15804.9,Best sol.,16287.6,16025.1,16606.3,16045.2,15758.3,15864.1,15716.2
703,RC2_10_5,PI,1.241987871,2.412061267,2.161426984,0.632457251,0.28663444,0.024859023,0.066964202
704,25892.3,Best sol.,26155.9,26333.6,26293.2,26006.1,25894.3,25852.3,25862.2
705,RC2_10_6,PI,0.897182892,2.558827416,2.185830439,0.714133392,0.457813113,0.198964297,0.014321794
706,25871,Best sol.,26054.9,26283.6,26357.5,26018.4,25922,25878.7,25823
707,RC2_10_7,PI,0.986417054,2.115504795,1.91752048,0.848529209,0.386661725,0.292838447,0.263265275
708,24451.7,Best sol.,24648.6,24841.9,24857.8,24596.1,24457.2,24456.3,24456.6
709,RC2_10_8,PI,1.260828515,2.814308239,2.926899516,0.823384489,0.819861946,0.625530969,0.189369574
710,23332.3,Best sol.,23584.2,23936.9,23893.2,23480.6,23472.9,23384,23307.9
711,RC2_10_9,PI,1.623525702,2.469957232,1.6581713,0.503667932,0.767638923,0.018293169,-0.110824656
712,22859.3,Best sol.,23204,23325.2,23169.3,22951.6,22959.2,22800,22796.2
