ins,isopt,lyhrn,sinrn,narn,d15rn,lkhrn,lyhrl,d15RL,rate,lkhrl,rate, sinRL,rate,naRL,rate,time,rts,seed
C101,1,0,10,0,10,10,-5,8273,-100.06,8273,-100.06,0,-inf,0,-inf,0,,1641240893
C102,1,0,10,0,10,10,-5,8273,-100.06,8273,-100.06,0,-inf,0,-inf,0,,1641240893
C103,1,0,10,0,10,10,-5,8263,-100.061,8263,-100.061,0,-inf,0,-inf,0,,1641240893
C104,1,0,10,0,10,10,-5,8229,-100.061,8229,-100.061,0,-inf,0,-inf,0,,1641240893
C105,1,0,10,0,10,10,-5,8273,-100.06,8273,-100.06,0,-inf,0,-inf,0,,1641240893
C106,1,0,10,0,10,10,-5,8273,-100.06,8273,-100.06,0,-inf,0,-inf,0,,1641240893
C107,1,0,10,0,10,10,-5,8273,-100.06,8273,-100.06,0,-inf,0,-inf,0,,1641240893
C108,1,0,10,0,10,10,-5,8273,-100.06,8273,-100.06,0,-inf,0,-inf,0,,1641240893
C109,1,0,10,0,10,10,-5,8273,-100.06,8273,-100.06,0,-inf,0,-inf,0,,1641240893
C201,1,0,3,0,3,3,-5,5891,-100.085,5891,-100.085,0,-inf,0,-inf,0,,1641240893
C202,1,0,3,0,3,3,-5,5891,-100.085,5891,-100.085,0,-inf,0,-inf,0,,1641240893
C203,1,0,3,0,3,3,-5,5887,-100.085,5887,-100.085,0,-inf,0,-inf,0,,1641240893
C204,1,0,3,0,3,3,-5,5881,-100.085,5881,-100.085,0,-inf,0,-inf,0,,1641240893
C205,1,0,3,0,3,3,-5,5864,-100.085,5864,-100.085,0,-inf,0,-inf,0,,1641240893
C206,1,0,3,0,3,3,-5,5860,-100.085,5860,-100.085,0,-inf,0,-inf,0,,1641240893
C207,1,0,3,0,3,3,-5,5858,-100.085,5858,-100.085,0,-inf,0,-inf,0,,1641240893
C208,1,0,3,0,3,3,-5,5858,-100.085,5858,-100.085,0,-inf,0,-inf,0,,1641240893
R101,1,0,19,0,20,20,-5,16377,-100.031,16377,-100.031,0,-inf,0,-inf,0,,1641240893
R102,1,0,17,0,18,18,-5,14666,-100.034,14666,-100.034,0,-inf,0,-inf,0,,1641240893
R103,1,0,13,0,14,14,-5,12087,-100.041,12087,-100.041,0,-inf,0,-inf,0,,1641240893
R104,1,0,9,0,11,11,-5,9715,-100.051,9715,-100.051,0,-inf,0,-inf,0,,1641240893
R105,1,0,14,0,15,15,-5,13553,-100.037,13553,-100.037,0,-inf,0,-inf,0,,1641240893
R106,1,0,12,0,13,13,-5,12346,-100.04,12346,-100.04,0,-inf,0,-inf,0,,1641240893
R107,1,0,10,0,11,11,-5,10646,-100.047,10646,-100.047,0,-inf,0,-inf,0,,1641240893
R108,1,0,9,0,10,10,-5,9321,-100.054,9321,-100.054,0,-inf,0,-inf,0,,1641240893
R109,1,0,11,0,13,13,-5,11469,-100.044,11469,-100.044,0,-inf,0,-inf,0,,1641240893
R110,1,0,10,0,12,12,-5,10680,-100.047,10680,-100.047,0,-inf,0,-inf,0,,1641240893
R111,1,0,10,0,12,12,-5,10487,-100.048,10487,-100.048,0,-inf,0,-inf,0,,1641240893
R112,1,0,9,0,10,10,-5,9489,-100.053,9489,-100.053,0,-inf,0,-inf,0,,1641240893
R201,1,0,4,0,8,8,-5,11432,-100.044,11432,-100.044,0,-inf,0,-inf,0,,1641240893
R202,1,0,3,0,8,8,-5,10296,-100.049,10296,-100.049,0,-inf,0,-inf,0,,1641240893
R203,1,0,3,0,6,6,-5,8708,-100.057,8708,-100.057,0,-inf,0,-inf,0,,1641240893
R204,1,0,2,0,5,5,-5,7313,-100.068,7313,-100.068,0,-inf,0,-inf,0,,1641240893
R205,1,0,3,0,5,5,-5,9498,-100.053,9498,-100.053,0,-inf,0,-inf,0,,1641240893
R206,1,0,3,0,5,5,-5,8759,-100.057,8759,-100.057,0,-inf,0,-inf,0,,1641240893
R207,1,0,2,0,4,4,-5,7940,-100.063,7940,-100.063,0,-inf,0,-inf,0,,1641240893
R208,1,0,2,0,4,4,-5,7010,-100.071,7010,-100.071,0,-inf,0,-inf,0,,1641240893
R209,1,0,3,0,5,5,-5,8548,-100.058,8548,-100.058,0,-inf,0,-inf,0,,1641240893
R210,1,0,3,0,6,6,-5,9005,-100.056,9005,-100.056,0,-inf,0,-inf,0,,1641240893
R211,1,0,2,0,4,4,-5,7467,-100.067,7467,-100.067,0,-inf,0,-inf,0,,1641240893
RC101,1,0,14,0,15,15,-5,16198,-100.031,16198,-100.031,0,-inf,0,-inf,0,,1641240893
RC102,1,0,12,0,14,14,-5,14574,-100.034,14574,-100.034,0,-inf,0,-inf,0,,1641240893
RC103,1,0,11,0,11,11,-5,12580,-100.04,12580,-100.04,0,-inf,0,-inf,0,,1641240893
RC104,1,0,10,0,10,10,-5,11323,-100.044,11323,-100.044,0,-inf,0,-inf,0,,1641240893
RC105,1,0,13,0,15,15,-5,15137,-100.033,15137,-100.033,0,-inf,0,-inf,0,,1641240893
RC106,1,0,11,0,12,12,-5,13727,-100.036,13727,-100.036,0,-inf,0,-inf,0,,1641240893
RC107,1,0,11,0,12,12,-5,12078,-100.041,12078,-100.041,0,-inf,0,-inf,0,,1641240893
RC108,1,0,10,0,11,11,-5,11142,-100.045,11142,-100.045,0,-inf,0,-inf,0,,1641240893
RC201,1,0,4,0,9,9,-5,12618,-100.04,12618,-100.04,0,-inf,0,-inf,0,,1641240893
RC202,1,0,3,0,8,8,-5,10923,-100.046,10923,-100.046,0,-inf,0,-inf,0,,1641240893
RC203,1,0,3,0,5,5,-5,9237,-100.054,9237,-100.054,0,-inf,0,-inf,0,,1641240893
RC204,1,0,3,0,4,4,-5,7835,-100.064,7835,-100.064,0,-inf,0,-inf,0,,1641240893
RC205,1,0,4,0,7,7,-5,11540,-100.043,11540,-100.043,0,-inf,0,-inf,0,,1641240893
RC206,1,0,3,0,7,7,-5,10511,-100.048,10511,-100.048,0,-inf,0,-inf,0,,1641240893
RC207,1,0,3,0,6,6,-5,9629,-100.052,9629,-100.052,0,-inf,0,-inf,0,,1641240893
RC208,1,0,3,0,4,4,-5,7761,-100.064,7761,-100.064,0,-inf,0,-inf,0,,1641240893
C1_2_10,1,0,18,18,19,19,-5,26247,-100.019,26247,-100.019,26435,-100.019,26435,-100.019,0,,1641240893
C1_2_1,1,0,20,20,20,20,-5,26986,-100.019,26986,-100.019,27045,-100.018,27045,-100.018,0,,1641240893
C1_2_2,1,0,18,18,20,20,-5,26943,-100.019,26943,-100.019,29178,-100.017,29178,-100.017,0,,1641240893
C1_2_3,1,0,18,18,20,20,-5,26758,-100.019,26758,-100.019,27073,-100.018,27073,-100.018,0,,1641240893
C1_2_4,1,0,18,18,19,19,-5,26256,-100.019,26256,-100.019,26433,-100.019,26433,-100.019,0,,1641240893
C1_2_5,1,0,20,20,20,20,-5,26949,-100.019,26949,-100.019,27020,-100.019,27020,-100.019,0,,1641240893
C1_2_6,1,0,20,20,20,20,-5,26949,-100.019,26949,-100.019,27010,-100.019,27010,-100.019,0,,1641240893
C1_2_7,1,0,20,20,20,20,-5,26949,-100.019,26949,-100.019,27010,-100.019,27010,-100.019,0,,1641240893
C1_2_8,1,0,19,19,20,20,-5,26840,-100.019,26840,-100.019,27754,-100.018,27754,-100.018,0,,1641240893
C1_2_9,1,0,18,18,19,19,-5,26396,-100.019,26396,-100.019,26878,-100.019,26878,-100.019,0,,1641240893
C2_2_10,1,0,6,6,7,7,-5,17912,-100.028,17912,-100.028,18065,-100.028,18065,-100.028,0,,1641240893
C2_2_1,1,0,6,6,7,7,-5,19221,-100.026,19221,-100.026,19314,-100.026,19314,-100.026,0,,1641240893
C2_2_2,1,0,6,6,7,7,-5,18514,-100.027,18514,-100.027,18631,-100.027,18631,-100.027,0,,1641240893
C2_2_3,1,0,6,6,7,7,-5,17634,-100.028,17634,-100.028,17750,-100.028,17750,-100.028,0,,1641240893
C2_2_4,0,0,6,6,7,7,-5,16950,-100.029,16950,-100.029,17034,-100.029,17034,-100.029,0,,1641240893
C2_2_5,1,0,6,6,7,7,-5,18696,-100.027,18696,-100.027,18788,-100.027,18793,-100.027,0,,1641240893
C2_2_6,1,0,6,6,7,7,-5,18448,-100.027,18448,-100.027,18573,-100.027,18573,-100.027,0,,1641240893
C2_2_7,1,0,6,6,6,6,-5,18422,-100.027,18422,-100.027,18494,-100.027,18494,-100.027,0,,1641240893
C2_2_8,1,0,6,6,6,6,-5,18137,-100.028,18137,-100.028,18205,-100.027,18205,-100.027,0,,1641240893
C2_2_9,1,0,6,6,7,7,-5,18150,-100.028,18150,-100.028,18300,-100.027,18300,-100.027,0,,1641240893
R1_2_10,1,0,18,18,18,18,-5,32931,-100.015,32931,-100.015,33011,-100.015,33011,-100.015,0,,1641240893
R1_2_1,1,0,20,20,23,23,-5,46672,-100.011,46672,-100.011,47841,-100.01,47841,-100.01,0,,1641240893
R1_2_2,1,0,18,18,20,20,-5,39199,-100.013,39199,-100.013,40398,-100.012,40417,-100.012,0,,1641240893
R1_2_3,1,0,18,18,18,18,-5,33739,-100.015,33739,-100.015,33819,-100.015,33819,-100.015,0,,1641240893
R1_2_4,1,0,18,18,18,18,-5,30476,-100.016,30476,-100.016,30578,-100.016,30578,-100.016,0,,1641240893
R1_2_5,1,0,18,18,20,20,-5,40532,-100.012,40532,-100.012,41078,-100.012,41078,-100.012,0,,1641240893
R1_2_6,1,0,18,18,19,19,-5,35591,-100.014,35591,-100.014,35831,-100.014,35837,-100.014,0,,1641240893
R1_2_7,1,0,18,18,18,18,-5,31419,-100.016,31419,-100.016,31501,-100.016,31501,-100.016,0,,1641240893
R1_2_8,1,0,18,18,18,18,-5,29384,-100.017,29384,-100.017,29519,-100.017,29519,-100.017,0,,1641240893
R1_2_9,1,0,18,18,19,19,-5,37347,-100.013,37347,-100.013,37605,-100.013,37625,-100.013,0,,1641240893
R2_2_10,1,0,4,4,8,8,-5,25494,-100.02,25494,-100.02,26549,-100.019,26549,-100.019,0,,1641240893
R2_2_1,1,0,4,4,13,13,-5,34680,-100.014,34680,-100.014,44831,-100.011,44831,-100.011,0,,1641240893
R2_2_2,1,0,4,4,11,11,-5,30082,-100.017,30082,-100.017,36212,-100.014,36212,-100.014,0,,1641240893
R2_2_3,1,0,4,4,9,9,-5,25375,-100.02,25375,-100.02,28806,-100.017,28806,-100.017,0,,1641240893
R2_2_4,1,0,4,4,5,5,-5,19285,-100.026,19285,-100.026,19812,-100.025,19813,-100.025,0,,1641240893
R2_2_5,1,0,4,4,8,8,-5,30611,-100.016,30611,-100.016,33667,-100.015,33667,-100.015,0,,1641240893
R2_2_6,1,0,4,4,8,8,-5,26754,-100.019,26754,-100.019,29130,-100.017,29130,-100.017,0,,1641240893
R2_2_7,1,0,4,4,7,7,-5,23047,-100.022,23047,-100.022,24511,-100.02,24511,-100.02,0,,1641240893
R2_2_8,1,0,4,4,4,4,-5,18424,-100.027,18424,-100.027,18498,-100.027,18498,-100.027,0,,1641240893
R2_2_9,1,0,4,4,9,9,-5,28433,-100.018,28433,-100.018,30920,-100.016,30920,-100.016,0,,1641240893
RC1_2_10,0,0,18,18,19,19,-5,29905,-100.017,29905,-100.017,30003,-100.017,30029,-100.017,0,,1641240893
RC1_2_1,1,0,18,18,20,20,-5,35169,-100.014,35169,-100.014,36028,-100.014,36180,-100.014,0,,1641240893
RC1_2_2,1,0,18,18,19,19,-5,32216,-100.016,32216,-100.016,32490,-100.015,32493,-100.015,0,,1641240893
RC1_2_3,1,0,18,18,18,18,-5,30014,-100.017,30014,-100.017,30083,-100.017,30083,-100.017,0,,1641240893
RC1_2_4,1,0,18,18,18,18,-5,28452,-100.018,28452,-100.018,28516,-100.018,28516,-100.018,0,,1641240893
RC1_2_5,1,0,18,18,19,19,-5,33256,-100.015,33256,-100.015,33710,-100.015,33728,-100.015,0,,1641240893
RC1_2_6,1,0,18,18,19,19,-5,33007,-100.015,33007,-100.015,33248,-100.015,33289,-100.015,0,,1641240893
RC1_2_7,1,0,18,18,19,19,-5,31778,-100.016,31778,-100.016,31893,-100.016,31893,-100.016,0,,1641240893
RC1_2_8,1,0,18,18,19,19,-5,30600,-100.016,30600,-100.016,30839,-100.016,30839,-100.016,0,,1641240893
RC1_2_9,0,0,18,18,19,19,-5,30733,-100.016,30733,-100.016,30811,-100.016,30811,-100.016,0,,1641240893
RC2_2_10,0,0,4,4,5,5,-5,19892,-100.025,19892,-100.025,20156,-100.025,20156,-100.025,0,,1641240893
RC2_2_1,1,0,6,6,10,10,-5,27974,-100.018,27974,-100.018,30995,-100.016,30995,-100.016,0,,1641240893
RC2_2_2,1,0,5,5,9,9,-5,24816,-100.02,24816,-100.02,28252,-100.018,28252,-100.018,0,,1641240893
RC2_2_3,1,0,4,4,9,9,-5,22277,-100.022,22277,-100.022,26018,-100.019,26018,-100.019,0,,1641240893
RC2_2_4,1,0,4,4,7,7,-5,18548,-100.027,18548,-100.027,20385,-100.025,20385,-100.025,0,,1641240893
RC2_2_5,1,0,4,4,7,7,-5,24914,-100.02,24914,-100.02,29114,-100.017,29114,-100.017,0,,1641240893
RC2_2_6,1,0,4,4,8,8,-5,24951,-100.02,24951,-100.02,28731,-100.017,28731,-100.017,0,,1641240893
RC2_2_7,1,0,4,4,7,7,-5,22877,-100.022,22877,-100.022,25258,-100.02,25258,-100.02,0,,1641240893
RC2_2_8,1,0,4,4,6,6,-5,21512,-100.023,21512,-100.023,22925,-100.022,22959,-100.022,0,,1641240893
RC2_2_9,1,0,4,4,6,6,-5,20866,-100.024,20866,-100.024,21750,-100.023,21750,-100.023,0,,1641240893
C1_4_10,1,0,36,36,37,37,-5,68254,-100.007,68254,-100.007,68606,-100.007,68606,-100.007,0,,1641240893
C1_4_1,1,0,40,40,40,40,-5,71388,-100.007,71388,-100.007,71520,-100.007,71520,-100.007,0,,1641240893
C1_4_2,1,0,36,36,40,40,-5,71133,-100.007,71133,-100.007,76863,-100.007,76955,-100.006,0,,1641240893
C1_4_3,1,0,36,36,38,38,-5,69299,-100.007,69299,-100.007,70606,-100.007,70692,-100.007,0,,1641240893
C1_4_4,1,0,36,36,37,37,-5,67777,-100.007,67777,-100.007,68032,-100.007,68034,-100.007,0,,1641240893
C1_4_5,1,0,40,40,40,40,-5,71388,-100.007,71388,-100.007,71520,-100.007,71520,-100.007,0,,1641240893
C1_4_6,1,0,40,40,40,40,-5,71401,-100.007,71401,-100.007,71534,-100.007,71534,-100.007,0,,1641240893
C1_4_7,1,0,39,39,40,40,-5,71362,-100.007,71362,-100.007,74179,-100.007,74215,-100.007,0,,1641240893
C1_4_8,1,0,37,37,39,39,-5,70830,-100.007,70830,-100.007,73472,-100.007,73643,-100.007,0,,1641240893
C1_4_9,1,0,36,36,37,37,-5,69278,-100.007,69278,-100.007,70425,-100.007,70760,-100.007,0,,1641240893
C2_4_10,1,0,11,11,12,12,-5,36651,-100.014,36651,-100.014,38256,-100.013,38358,-100.013,0,,1641240893
C2_4_1,1,0,12,12,12,12,-5,41003,-100.012,41003,-100.012,41160,-100.012,41161,-100.012,0,,1641240893
C2_4_2,1,0,12,12,12,12,-5,39141,-100.013,39141,-100.013,39298,-100.013,39300,-100.013,0,,1641240893
C2_4_3,0,0,11,11,12,12,-5,37583,-100.013,37552,-100.013,40180,-100.012,40187,-100.012,0,,1641240893
C2_4_4,0,0,11,11,12,12,-5,35237,-100.014,35237,-100.014,37024,-100.014,37073,-100.013,0,,1641240893
C2_4_5,1,0,12,12,12,12,-5,39232,-100.013,39232,-100.013,39386,-100.013,39386,-100.013,0,,1641240893
C2_4_6,1,0,12,12,12,12,-5,38601,-100.013,38601,-100.013,38759,-100.013,38759,-100.013,0,,1641240893
C2_4_7,1,0,12,12,12,12,-5,38709,-100.013,38709,-100.013,38941,-100.013,38941,-100.013,0,,1641240893
C2_4_8,1,0,11,12,12,12,-5,37737,-100.013,37737,-100.013,42332,-100.012,37927,-100.013,0,,1641240893
C2_4_9,0,0,12,12,13,13,-5,38421,-100.013,38421,-100.013,38646,-100.013,38656,-100.013,0,,1641240893
R1_4_10,0,0,36,36,36,36,-5,80864,-100.006,80864,-100.006,80941,-100.006,81280,-100.006,0,,1641240893
R1_4_1,1,0,40,40,41,41,-5,103058,-100.005,103058,-100.005,103723,-100.005,103967,-100.005,0,,1641240893
R1_4_2,0,0,36,36,37,37,-5,88764,-100.006,88764,-100.006,88981,-100.006,89621,-100.006,0,,1641240893
R1_4_3,0,0,36,36,37,37,-5,78028,-100.006,78028,-100.006,78083,-100.006,78361,-100.006,0,,1641240893
R1_4_4,0,0,36,36,36,36,-5,72690,-100.007,72690,-100.007,72827,-100.007,73016,-100.007,0,,1641240893
R1_4_5,0,0,36,36,38,38,-5,91886,-100.005,91886,-100.005,92230,-100.005,92943,-100.005,0,,1641240893
R1_4_6,1,0,36,36,36,36,-5,83404,-100.006,83404,-100.006,83586,-100.006,84080,-100.006,0,,1641240893
R1_4_7,0,0,36,36,36,36,-5,76028,-100.007,76028,-100.007,76161,-100.007,76494,-100.007,0,,1641240893
R1_4_8,0,0,36,36,36,36,-5,72558,-100.007,72558,-100.007,72572,-100.007,72932,-100.007,0,,1641240893
R1_4_9,0,0,36,36,37,37,-5,86806,-100.006,86806,-100.006,86947,-100.006,87586,-100.006,0,,1641240893
R2_4_10,0,0,8,8,12,12,-5,56635,-100.009,56459,-100.009,57790,-100.009,57917,-100.009,0,,1641240893
R2_4_1,1,0,8,8,20,20,-5,75207,-100.007,75207,-100.007,92101,-100.005,92101,-100.005,0,,1641240893
R2_4_2,1,0,8,8,18,18,-5,64828,-100.008,64828,-100.008,76067,-100.007,76067,-100.007,0,,1641240893
R2_4_3,1,0,8,8,14,14,-5,53729,-100.009,53729,-100.009,59110,-100.008,59115,-100.008,0,,1641240893
R2_4_4,0,0,8,8,9,9,-5,42112,-100.012,42112,-100.012,42414,-100.012,42414,-100.012,0,,1641240893
R2_4_5,0,0,8,8,14,14,-5,65679,-100.008,65679,-100.008,71278,-100.007,71321,-100.007,0,,1641240893
R2_4_6,0,0,8,8,14,14,-5,58183,-100.009,58183,-100.009,61226,-100.008,61276,-100.008,0,,1641240893
R2_4_7,0,0,8,8,11,11,-5,48935,-100.01,48935,-100.01,50185,-100.01,50283,-100.01,0,,1641240893
R2_4_8,0,0,8,8,9,9,-5,40010,-100.012,40010,-100.012,40156,-100.012,40156,-100.012,0,,1641240893
R2_4_9,0,0,8,8,14,14,-5,60702,-100.008,60678,-100.008,64001,-100.008,64048,-100.008,0,,1641240893
RC1_4_10,0,0,36,36,36,36,-5,75863,-100.007,75853,-100.007,75960,-100.007,76253,-100.007,0,,1641240893
RC1_4_1,0,0,36,36,37,37,-5,85240,-100.006,85240,-100.006,85723,-100.006,87499,-100.006,0,,1641240893
RC1_4_2,0,0,36,36,37,37,-5,78894,-100.006,78849,-100.006,78925,-100.006,79256,-100.006,0,,1641240893
RC1_4_3,0,0,36,36,37,37,-5,75169,-100.007,75169,-100.007,75330,-100.007,75549,-100.007,0,,1641240893
RC1_4_4,0,0,36,36,36,36,-5,72953,-100.007,72953,-100.007,73085,-100.007,73230,-100.007,0,,1641240893
RC1_4_5,0,0,36,36,37,37,-5,81724,-100.006,81724,-100.006,81726,-100.006,82303,-100.006,0,,1641240893
RC1_4_6,0,0,36,36,37,37,-5,81487,-100.006,81487,-100.006,81649,-100.006,81959,-100.006,0,,1641240893
RC1_4_7,0,0,36,36,37,37,-5,79423,-100.006,79354,-100.006,79485,-100.006,79877,-100.006,0,,1641240893
RC1_4_8,0,0,36,36,37,37,-5,77657,-100.006,77657,-100.006,77725,-100.006,78011,-100.006,0,,1641240893
RC1_4_9,0,0,36,36,37,37,-5,77236,-100.006,77228,-100.006,77333,-100.006,77777,-100.006,0,,1641240893
RC2_4_10,0,0,8,8,9,9,-5,42581,-100.012,42523,-100.012,42786,-100.012,42850,-100.012,0,,1641240893
RC2_4_1,1,0,11,11,16,16,-5,61473,-100.008,61473,-100.008,66823,-100.007,66823,-100.007,0,,1641240893
RC2_4_2,1,0,9,9,15,15,-5,54075,-100.009,54075,-100.009,61806,-100.008,61974,-100.008,0,,1641240893
RC2_4_3,0,0,8,8,12,12,-5,45730,-100.011,45730,-100.011,49308,-100.01,49308,-100.01,0,,1641240893
RC2_4_4,0,0,8,8,9,9,-5,35979,-100.014,35979,-100.014,36310,-100.014,36310,-100.014,0,,1641240893
RC2_4_5,0,0,8,8,14,14,-5,53969,-100.009,53969,-100.009,67101,-100.007,67117,-100.007,0,,1641240893
RC2_4_6,0,0,8,8,13,13,-5,53320,-100.009,53320,-100.009,57666,-100.009,57666,-100.009,0,,1641240893
RC2_4_7,0,0,8,8,12,12,-5,49878,-100.01,49878,-100.01,53347,-100.009,53365,-100.009,0,,1641240893
RC2_4_8,0,0,8,8,10,10,-5,47067,-100.011,47067,-100.011,47926,-100.01,47957,-100.01,0,,1641240893
RC2_4_9,0,0,8,8,9,9,-5,45104,-100.011,45104,-100.011,45511,-100.011,45518,-100.011,0,,1641240893
C1_6_10,0,0,56,56,56,56,-5,136365,-100.004,136365,-100.004,136373,-100.004,136373,-100.004,0,,1641240893
C1_6_1,0,0,60,60,60,60,-5,140766,-100.004,140766,-100.004,140956,-100.004,141038,-100.004,0,,1641240893
C1_6_2,0,0,56,56,58,58,-5,139483,-100.004,139483,-100.004,141633,-100.004,141633,-100.004,0,,1641240893
C1_6_3,0,0,56,56,57,57,-5,137570,-100.004,137570,-100.004,137778,-100.004,137787,-100.004,0,,1641240893
C1_6_4,0,0,56,56,56,56,-5,135722,-100.004,135722,-100.004,135585,-100.004,135611,-100.004,0,,1641240893
C1_6_5,0,0,60,60,60,60,-5,140668,-100.004,140668,-100.004,140857,-100.004,140862,-100.004,0,,1641240893
C1_6_6,0,0,59,60,60,60,-5,140709,-100.004,140709,-100.004,158326,-100.003,140896,-100.004,0,,1641240893
C1_6_7,0,0,57,58,60,60,-5,140668,-100.004,140668,-100.004,157427,-100.003,148553,-100.003,0,,1641240893
C1_6_8,0,0,56,56,58,58,-5,139912,-100.004,139912,-100.004,143898,-100.003,145591,-100.003,0,,1641240893
C1_6_9,0,0,56,56,57,57,-5,137015,-100.004,137015,-100.004,136934,-100.004,136949,-100.004,0,,1641240893
C2_6_10,0,0,17,17,18,18,-5,71239,-100.007,71239,-100.007,72556,-100.007,72740,-100.007,0,,1641240893
C2_6_1,0,0,18,18,18,18,-5,77522,-100.006,77522,-100.006,77741,-100.006,77741,-100.006,0,,1641240893
C2_6_2,0,0,17,17,18,18,-5,74749,-100.007,74715,-100.007,82582,-100.006,82907,-100.006,0,,1641240893
C2_6_3,0,0,17,17,18,18,-5,72150,-100.007,72150,-100.007,75066,-100.007,75287,-100.007,0,,1641240893
C2_6_4,0,0,17,17,18,18,-5,68807,-100.007,68778,-100.007,69095,-100.007,69106,-100.007,0,,1641240893
C2_6_5,0,0,18,18,18,18,-5,75538,-100.007,75538,-100.007,75752,-100.007,75752,-100.007,0,,1641240893
C2_6_6,0,0,18,18,18,18,-5,74498,-100.007,74498,-100.007,74703,-100.007,74790,-100.007,0,,1641240893
C2_6_7,0,0,18,18,18,18,-5,74967,-100.007,74914,-100.007,75120,-100.007,75122,-100.007,0,,1641240893
C2_6_8,0,0,17,17,18,18,-5,73037,-100.007,73037,-100.007,75397,-100.007,76019,-100.007,0,,1641240893
C2_6_9,0,0,17,17,18,18,-5,73032,-100.007,73032,-100.007,79116,-100.006,80360,-100.006,0,,1641240893
R1_6_10,0,0,54,54,55,55,-5,176481,-100.003,176481,-100.003,176101,-100.003,180479,-100.003,0,,1641240893
R1_6_1,0,0,59,59,58,58,-5,212765,-100.002,212742,-100.002,213949,-100.002,214267,-100.002,0,,1641240893
R1_6_2,0,0,54,54,56,56,-5,185815,-100.003,185717,-100.003,186053,-100.003,190141,-100.003,0,,1641240893
R1_6_3,0,0,54,54,55,55,-5,169418,-100.003,169407,-100.003,169088,-100.003,171913,-100.003,0,,1641240893
R1_6_4,0,0,54,54,55,55,-5,157746,-100.003,157736,-100.003,157497,-100.003,159573,-100.003,0,,1641240893
R1_6_5,0,0,54,54,56,56,-5,193248,-100.003,193057,-100.003,193856,-100.003,200184,-100.002,0,,1641240893
R1_6_6,0,0,54,54,55,55,-5,178054,-100.003,177902,-100.003,178013,-100.003,182118,-100.003,0,,1641240893
R1_6_7,0,0,54,54,54,54,-5,165551,-100.003,165372,-100.003,165239,-100.003,167936,-100.003,0,,1641240893
R1_6_8,0,0,54,54,55,55,-5,156243,-100.003,156173,-100.003,156100,-100.003,157663,-100.003,0,,1641240893
R1_6_9,0,0,54,54,55,55,-5,185331,-100.003,185100,-100.003,185309,-100.003,191537,-100.003,0,,1641240893
R2_6_10,0,0,11,11,18,17,-5,119095,-100.004,118516,-100.004,122022,-100.004,122658,-100.004,0,,1641240893
R2_6_1,0,0,11,11,27,27,-5,151530,-100.003,151453,-100.003,182055,-100.003,182149,-100.003,0,,1641240893
R2_6_2,0,0,11,11,24,24,-5,129919,-100.004,129869,-100.004,147541,-100.003,147792,-100.003,0,,1641240893
R2_6_3,0,0,11,11,19,19,-5,104672,-100.005,104553,-100.005,111887,-100.004,111910,-100.004,0,,1641240893
R2_6_4,0,0,11,11,14,14,-5,79417,-100.006,79403,-100.006,80081,-100.006,80322,-100.006,0,,1641240893
R2_6_5,0,0,11,11,23,23,-5,138206,-100.004,138097,-100.004,150673,-100.003,151079,-100.003,0,,1641240893
R2_6_6,0,0,11,11,21,20,-5,118913,-100.004,118491,-100.004,124982,-100.004,125032,-100.004,0,,1641240893
R2_6_7,0,0,11,11,17,17,-5,98412,-100.005,98110,-100.005,100645,-100.005,101475,-100.005,0,,1641240893
R2_6_8,0,0,11,11,12,12,-5,75123,-100.007,75123,-100.007,75719,-100.007,75743,-100.007,0,,1641240893
R2_6_9,0,0,11,11,20,19,-5,127759,-100.004,127419,-100.004,133775,-100.004,133775,-100.004,0,,1641240893
RC1_6_10,0,0,55,55,55,55,-5,156739,-100.003,156728,-100.003,156759,-100.003,157957,-100.003,0,,1641240893
RC1_6_1,0,0,55,55,56,56,-5,169859,-100.003,169813,-100.003,169828,-100.003,174053,-100.003,0,,1641240893
RC1_6_2,0,0,55,55,56,56,-5,159899,-100.003,159826,-100.003,159147,-100.003,160911,-100.003,0,,1641240893
RC1_6_3,0,0,55,55,55,55,-5,152362,-100.003,152321,-100.003,152046,-100.003,153229,-100.003,0,,1641240893
RC1_6_4,0,0,55,55,55,55,-5,147782,-100.003,147782,-100.003,147771,-100.003,148915,-100.003,0,,1641240893
RC1_6_5,0,0,55,55,56,56,-5,165998,-100.003,165804,-100.003,165619,-100.003,168561,-100.003,0,,1641240893
RC1_6_6,0,0,55,55,56,56,-5,165439,-100.003,165349,-100.003,165042,-100.003,167788,-100.003,0,,1641240893
RC1_6_7,0,0,55,55,56,56,-5,160926,-100.003,160913,-100.003,160771,-100.003,163229,-100.003,0,,1641240893
RC1_6_8,0,0,55,55,55,55,-5,159598,-100.003,159559,-100.003,159149,-100.003,161363,-100.003,0,,1641240893
RC1_6_9,0,0,55,55,55,55,-5,158560,-100.003,158375,-100.003,158262,-100.003,159968,-100.003,0,,1641240893
RC2_6_10,0,0,11,11,14,14,-5,90148,-100.006,90148,-100.006,90589,-100.006,90694,-100.006,0,,1641240893
RC2_6_1,0,0,14,14,23,23,-5,119810,-100.004,119793,-100.004,133249,-100.004,133607,-100.004,0,,1641240893
RC2_6_2,0,0,12,12,20,20,-5,103369,-100.005,103369,-100.005,115555,-100.004,115557,-100.004,0,,1641240893
RC2_6_3,0,0,11,11,16,16,-5,89074,-100.006,88949,-100.006,94385,-100.005,94479,-100.005,0,,1641240893
RC2_6_4,0,0,11,11,13,12,-5,70081,-100.007,69894,-100.007,70579,-100.007,70929,-100.007,0,,1641240893
RC2_6_5,0,0,11,11,20,20,-5,110842,-100.005,110825,-100.005,129196,-100.004,130008,-100.004,0,,1641240893
RC2_6_6,0,0,11,11,19,19,-5,108690,-100.005,108431,-100.005,119131,-100.004,119739,-100.004,0,,1641240893
RC2_6_7,0,0,11,11,17,17,-5,103434,-100.005,103109,-100.005,107127,-100.005,107248,-100.005,0,,1641240893
RC2_6_8,0,0,11,11,16,16,-5,98200,-100.005,98200,-100.005,99904,-100.005,100078,-100.005,0,,1641240893
RC2_6_9,0,0,11,11,15,15,-5,94832,-100.005,94494,-100.005,95749,-100.005,95808,-100.005,0,,1641240893
C1_8_10,0,0,72,72,73,73,-5,240382,-100.002,240304,-100.002,240701,-100.002,241974,-100.002,0,,1641240893
C1_8_1,0,0,80,80,80,80,-5,251569,-100.002,251569,-100.002,250303,-100.002,251919,-100.002,0,,1641240893
C1_8_2,0,0,72,72,78,78,-5,249754,-100.002,249741,-100.002,265405,-100.002,270589,-100.002,0,,1641240893
C1_8_3,0,0,72,72,74,74,-5,242016,-100.002,241989,-100.002,242424,-100.002,243627,-100.002,0,,1641240893
C1_8_4,0,0,72,72,73,73,-5,238410,-100.002,238127,-100.002,238241,-100.002,238480,-100.002,0,,1641240893
C1_8_5,0,0,80,80,80,80,-5,251386,-100.002,251386,-100.002,251662,-100.002,251713,-100.002,0,,1641240893
C1_8_6,0,0,79,80,80,80,-5,251333,-100.002,251333,-100.002,269119,-100.002,251691,-100.002,0,,1641240893
C1_8_7,0,0,77,78,80,80,-5,251273,-100.002,251273,-100.002,264800,-100.002,259064,-100.002,0,,1641240893
C1_8_8,0,0,73,74,78,78,-5,249059,-100.002,248825,-100.002,260997,-100.002,254013,-100.002,0,,1641240893
C1_8_9,0,0,72,72,74,74,-5,242190,-100.002,242004,-100.002,243002,-100.002,247267,-100.002,0,,1641240893
C2_8_10,0,0,23,23,24,24,-5,109460,-100.005,109460,-100.005,109773,-100.005,109906,-100.005,0,,1641240893
C2_8_1,0,0,24,24,24,24,-5,116319,-100.004,116319,-100.004,116620,-100.004,116620,-100.004,0,,1641240893
C2_8_2,0,0,23,23,24,24,-5,113945,-100.004,113945,-100.004,122853,-100.004,123766,-100.004,0,,1641240893
C2_8_3,0,0,23,23,24,24,-5,111381,-100.004,111381,-100.004,114106,-100.004,114115,-100.004,0,,1641240893
C2_8_4,0,0,22,23,24,24,-5,106880,-100.005,106828,-100.005,109908,-100.005,107528,-100.005,0,,1641240893
C2_8_5,0,0,24,24,24,24,-5,113956,-100.004,113956,-100.004,114252,-100.004,114252,-100.004,0,,1641240893
C2_8_6,0,0,23,24,24,24,-5,113163,-100.004,113163,-100.004,122353,-100.004,113536,-100.004,0,,1641240893
C2_8_7,0,0,24,24,24,24,-5,113329,-100.004,113329,-100.004,113708,-100.004,113798,-100.004,0,,1641240893
C2_8_8,0,0,23,23,24,24,-5,111339,-100.004,111339,-100.004,112880,-100.004,113099,-100.004,0,,1641240893
C2_8_9,0,0,23,23,24,24,-5,111404,-100.004,111404,-100.004,115925,-100.004,117213,-100.004,0,,1641240893
R1_8_10,0,0,72,72,72,72,-5,311167,-100.002,310598,-100.002,309599,-100.002,314745,-100.002,0,,1641240893
R1_8_1,0,0,80,80,80,80,-5,364290,-100.001,363933,-100.001,367695,-100.001,368520,-100.001,0,,1641240893
R1_8_2,0,0,72,72,73,73,-5,324008,-100.002,323523,-100.002,323228,-100.002,327906,-100.002,0,,1641240893
R1_8_3,0,0,72,72,72,72,-5,294396,-100.002,294291,-100.002,293425,-100.002,297083,-100.002,0,,1641240893
R1_8_4,0,0,72,72,72,72,-5,278665,-100.002,278444,-100.002,277718,-100.002,280789,-100.002,0,,1641240893
R1_8_5,0,0,72,72,74,74,-5,336407,-100.001,336400,-100.001,335297,-100.001,343425,-100.001,0,,1641240893
R1_8_6,0,0,72,72,73,73,-5,310413,-100.002,309895,-100.002,309252,-100.002,313410,-100.002,0,,1641240893
R1_8_7,0,0,72,72,72,72,-5,289891,-100.002,289547,-100.002,288618,-100.002,291957,-100.002,0,,1641240893
R1_8_8,0,0,72,72,72,72,-5,277232,-100.002,277158,-100.002,276527,-100.002,279602,-100.002,0,,1641240893
R1_8_9,0,0,72,72,73,73,-5,323905,-100.002,323811,-100.002,323016,-100.002,327911,-100.002,0,,1641240893
R2_8_10,0,0,15,15,24,24,-5,201378,-100.002,200165,-100.002,203586,-100.002,204014,-100.002,0,,1641240893
R2_8_1,0,0,15,15,34,33,-5,250335,-100.002,249868,-100.002,281123,-100.002,281259,-100.002,0,,1641240893
R2_8_2,0,0,15,15,28,26,-5,214526,-100.002,213302,-100.002,227957,-100.002,227957,-100.002,0,,1641240893
R2_8_3,0,0,15,15,22,22,-5,172392,-100.003,172381,-100.003,177039,-100.003,177140,-100.003,0,,1641240893
R2_8_4,0,0,15,15,17,17,-5,131984,-100.004,131984,-100.004,131923,-100.004,132061,-100.004,0,,1641240893
R2_8_5,0,0,15,15,30,29,-5,228757,-100.002,228020,-100.002,242550,-100.002,243454,-100.002,0,,1641240893
R2_8_6,0,0,15,15,24,23,-5,198050,-100.003,197545,-100.003,204120,-100.002,204794,-100.002,0,,1641240893
R2_8_7,0,0,15,15,22,20,-5,164701,-100.003,164003,-100.003,165978,-100.003,166773,-100.003,0,,1641240893
R2_8_8,0,0,15,15,16,16,-5,127275,-100.004,127085,-100.004,126426,-100.004,126456,-100.004,0,,1641240893
R2_8_9,0,0,15,15,26,25,-5,213809,-100.002,212988,-100.002,222770,-100.002,223355,-100.002,0,,1641240893
RC1_8_10,0,0,72,72,73,73,-5,282287,-100.002,282107,-100.002,283714,-100.002,297656,-100.002,0,,1641240893
RC1_8_1,0,0,72,72,74,74,-5,300624,-100.002,300395,-100.002,304646,-100.002,354674,-100.001,0,,1641240893
RC1_8_2,0,0,72,72,74,74,-5,283754,-100.002,283633,-100.002,285115,-100.002,300951,-100.002,0,,1641240893
RC1_8_3,0,0,72,72,73,73,-5,275055,-100.002,275045,-100.002,275592,-100.002,285206,-100.002,0,,1641240893
RC1_8_4,0,0,72,72,73,73,-5,265955,-100.002,265954,-100.002,266754,-100.002,273113,-100.002,0,,1641240893
RC1_8_5,0,0,72,72,74,74,-5,293064,-100.002,293064,-100.002,295082,-100.002,329786,-100.002,0,,1641240893
RC1_8_6,0,0,72,72,73,73,-5,292723,-100.002,292471,-100.002,294583,-100.002,331815,-100.002,0,,1641240893
RC1_8_7,0,0,72,72,73,73,-5,288689,-100.002,288586,-100.002,290215,-100.002,307683,-100.002,0,,1641240893
RC1_8_8,0,0,72,72,73,73,-5,285178,-100.002,285050,-100.002,286075,-100.002,306944,-100.002,0,,1641240893
RC1_8_9,0,0,72,72,73,73,-5,284115,-100.002,284005,-100.002,285555,-100.002,302993,-100.002,0,,1641240893
RC2_8_10,0,0,15,15,17,17,-5,145158,-100.003,144453,-100.003,144118,-100.003,144391,-100.003,0,,1641240893
RC2_8_1,0,0,18,18,27,27,-5,192694,-100.003,192132,-100.003,209811,-100.002,210184,-100.002,0,,1641240893
RC2_8_2,0,0,16,16,24,23,-5,167726,-100.003,167120,-100.003,181519,-100.003,181811,-100.003,0,,1641240893
RC2_8_3,0,0,15,15,21,20,-5,140793,-100.004,140461,-100.004,144273,-100.003,144424,-100.003,0,,1641240893
RC2_8_4,0,0,15,15,16,16,-5,110502,-100.005,110316,-100.005,109990,-100.005,110197,-100.005,0,,1641240893
RC2_8_5,0,0,15,15,24,24,-5,175417,-100.003,174933,-100.003,190740,-100.003,191374,-100.003,0,,1641240893
RC2_8_6,0,0,15,15,24,24,-5,172501,-100.003,172501,-100.003,181430,-100.003,181460,-100.003,0,,1641240893
RC2_8_7,0,0,15,15,22,22,-5,165211,-100.003,164454,-100.003,168174,-100.003,168439,-100.003,0,,1641240893
RC2_8_8,0,0,15,15,20,20,-5,156153,-100.003,156016,-100.003,157591,-100.003,157990,-100.003,0,,1641240893
RC2_8_9,0,0,15,15,19,19,-5,152524,-100.003,152517,-100.003,153335,-100.003,153617,-100.003,0,,1641240893
C1_10_10,0,0,90,90,91,91,-5,398840,-100.001,398745,-100.001,398524,-100.001,402050,-100.001,0,,1641240893
C1_10_1,0,0,100,100,100,100,-5,424448,-100.001,424448,-100.001,424789,-100.001,424826,-100.001,0,,1641240893
C1_10_2,0,0,90,90,96,96,-5,415108,-100.001,413927,-100.001,422229,-100.001,430230,-100.001,0,,1641240893
C1_10_3,0,0,90,90,91,91,-5,401600,-100.001,401462,-100.001,401013,-100.001,403390,-100.001,0,,1641240893
C1_10_4,0,0,90,90,90,90,-5,394909,-100.001,394909,-100.001,394686,-100.001,395687,-100.001,0,,1641240893
C1_10_5,0,0,100,100,100,100,-5,424348,-100.001,424348,-100.001,424691,-100.001,424782,-100.001,0,,1641240893
C1_10_6,0,0,99,100,100,100,-5,424370,-100.001,424370,-100.001,438302,-100.001,424723,-100.001,0,,1641240893
C1_10_7,0,0,97,98,100,100,-5,424204,-100.001,424204,-100.001,433720,-100.001,428442,-100.001,0,,1641240893
C1_10_8,0,0,92,93,97,97,-5,419310,-100.001,418378,-100.001,426607,-100.001,424361,-100.001,0,,1641240893
C1_10_9,0,0,90,90,92,92,-5,403871,-100.001,403667,-100.001,403276,-100.001,409835,-100.001,0,,1641240893
C2_10_10,0,0,28,28,30,30,-5,157286,-100.003,157286,-100.003,159374,-100.003,160775,-100.003,0,,1641240893
C2_10_1,0,0,30,30,30,30,-5,168411,-100.003,168411,-100.003,168792,-100.003,168792,-100.003,0,,1641240893
C2_10_2,0,0,29,29,30,30,-5,164626,-100.003,164626,-100.003,171263,-100.003,171263,-100.003,0,,1641240893
C2_10_3,0,0,28,29,30,30,-5,160365,-100.003,160365,-100.003,168294,-100.003,163220,-100.003,0,,1641240893
C2_10_4,0,0,28,28,30,30,-5,155936,-100.003,154829,-100.003,156074,-100.003,156966,-100.003,0,,1641240893
C2_10_5,0,0,30,30,30,30,-5,165213,-100.003,165213,-100.003,165612,-100.003,165726,-100.003,0,,1641240893
C2_10_6,0,0,29,29,30,30,-5,162907,-100.003,162907,-100.003,168637,-100.003,171095,-100.003,0,,1641240893
C2_10_7,0,0,29,30,30,30,-5,163784,-100.003,163784,-100.003,176028,-100.003,164281,-100.003,0,,1641240893
C2_10_8,0,0,28,29,30,30,-5,160307,-100.003,160291,-100.003,165124,-100.003,161917,-100.003,0,,1641240893
C2_10_9,0,0,29,29,30,30,-5,160770,-100.003,160770,-100.003,163639,-100.003,163720,-100.003,0,,1641240893
R1_10_10,0,0,91,91,92,92,-5,476405,-100.001,475706,-100.001,474143,-100.001,489793,-100.001,0,,1641240893
R1_10_1,0,0,100,100,95,96,-5,532454,-100.001,532339,-100.001,534353,-100.001,535013,-100.001,0,,1641240893
R1_10_2,0,0,91,91,93,93,-5,483915,-100.001,483691,-100.001,483078,-100.001,499510,-100.001,0,,1641240893
R1_10_3,0,0,91,91,92,92,-5,448846,-100.001,448624,-100.001,447222,-100.001,457074,-100.001,0,,1641240893
R1_10_4,0,0,91,91,92,92,-5,425900,-100.001,425779,-100.001,424851,-100.001,432628,-100.001,0,,1641240893
R1_10_5,0,0,91,91,92,92,-5,504937,-100.001,504878,-100.001,504528,-100.001,532894,-100.001,0,,1641240893
R1_10_6,0,0,91,91,92,92,-5,472055,-100.001,471458,-100.001,469744,-100.001,484242,-100.001,0,,1641240893
R1_10_7,0,0,91,91,92,92,-5,442842,-100.001,442314,-100.001,440410,-100.001,449759,-100.001,0,,1641240893
R1_10_8,0,0,91,91,91,91,-5,424386,-100.001,424359,-100.001,423220,-100.001,429606,-100.001,0,,1641240893
R1_10_9,0,0,91,91,92,92,-5,493532,-100.001,493343,-100.001,492081,-100.001,516156,-100.001,0,,1641240893
R2_10_10,0,0,19,19,29,29,-5,301100,-100.002,299569,-100.002,302074,-100.002,303125,-100.002,0,,1641240893
R2_10_1,0,0,19,19,41,38,-5,371476,-100.001,368994,-100.001,421825,-100.001,422943,-100.001,0,,1641240893
R2_10_2,0,0,19,19,33,33,-5,314166,-100.002,312962,-100.002,334112,-100.001,334593,-100.001,0,,1641240893
R2_10_3,0,0,19,19,26,25,-5,245688,-100.002,244221,-100.002,249168,-100.002,249389,-100.002,0,,1641240893
R2_10_4,0,0,19,19,21,20,-5,180582,-100.003,179681,-100.003,178519,-100.003,178801,-100.003,0,,1641240893
R2_10_5,0,0,19,19,36,35,-5,343614,-100.001,342330,-100.001,362160,-100.001,362583,-100.001,0,,1641240893
R2_10_6,0,0,19,19,30,29,-5,294378,-100.002,292153,-100.002,299780,-100.002,300736,-100.002,0,,1641240893
R2_10_7,0,0,19,19,24,24,-5,233090,-100.002,232438,-100.002,232196,-100.002,232538,-100.002,0,,1641240893
R2_10_8,0,0,19,19,20,19,-5,176068,-100.003,175127,-100.003,174422,-100.003,175096,-100.003,0,,1641240893
R2_10_9,0,0,19,19,32,31,-5,322899,-100.002,321049,-100.002,329957,-100.002,330687,-100.002,0,,1641240893
RC1_10_10,0,0,90,90,91,91,-5,437509,-100.001,437456,-100.001,435761,-100.001,442658,-100.001,0,,1641240893
RC1_10_1,0,0,90,90,91,91,-5,460455,-100.001,459485,-100.001,458306,-100.001,471884,-100.001,0,,1641240893
RC1_10_2,0,0,90,90,91,91,-5,438706,-100.001,438706,-100.001,437188,-100.001,446203,-100.001,0,,1641240893
RC1_10_3,0,0,90,90,91,91,-5,424021,-100.001,423380,-100.001,421634,-100.001,427866,-100.001,0,,1641240893
RC1_10_4,0,0,90,90,90,90,-5,414993,-100.001,414692,-100.001,414089,-100.001,418921,-100.001,0,,1641240893
RC1_10_5,0,0,90,90,91,91,-5,452410,-100.001,452355,-100.001,450693,-100.001,460780,-100.001,0,,1641240893
RC1_10_6,0,0,90,90,91,91,-5,451740,-100.001,451440,-100.001,449449,-100.001,459326,-100.001,0,,1641240893
RC1_10_7,0,0,90,90,91,91,-5,446925,-100.001,446862,-100.001,444667,-100.001,454051,-100.001,0,,1641240893
RC1_10_8,0,0,90,90,91,91,-5,441596,-100.001,441308,-100.001,439859,-100.001,446282,-100.001,0,,1641240893
RC1_10_9,0,0,90,90,91,91,-5,441183,-100.001,440724,-100.001,438994,-100.001,446341,-100.001,0,,1641240893
RC2_10_10,0,0,18,18,22,21,-5,219144,-100.002,218483,-100.002,218349,-100.002,219103,-100.002,0,,1641240893
RC2_10_1,0,0,20,20,32,32,-5,282698,-100.002,281908,-100.002,302762,-100.002,302893,-100.002,0,,1641240893
RC2_10_2,0,0,18,19,28,28,-5,243875,-100.002,242717,-100.002,261040,-100.002,254256,-100.002,0,,1641240893
RC2_10_3,0,0,18,18,23,23,-5,197680,-100.003,197479,-100.003,199134,-100.003,200430,-100.002,0,,1641240893
RC2_10_4,0,0,18,18,19,19,-5,158049,-100.003,158049,-100.003,156932,-100.003,157415,-100.003,0,,1641240893
RC2_10_5,0,0,18,18,29,29,-5,259902,-100.002,258923,-100.002,270670,-100.002,271407,-100.002,0,,1641240893
RC2_10_6,0,0,18,18,28,28,-5,259116,-100.002,258710,-100.002,267412,-100.002,268776,-100.002,0,,1641240893
RC2_10_7,0,0,18,18,26,26,-5,245440,-100.002,244517,-100.002,250179,-100.002,251617,-100.002,0,,1641240893
RC2_10_8,0,0,18,18,24,24,-5,234730,-100.002,233323,-100.002,235953,-100.002,237404,-100.002,0,,1641240893
RC2_10_9,0,0,18,18,23,24,-5,229455,-100.002,228593,-100.002,229434,-100.002,230656,-100.002,0,,1641240893
